customerID,gender,SeniorCitizen,Partner,Dependents,tenure,PhoneService,MultipleLines,InternetService,OnlineSecurity,OnlineBackup,DeviceProtection,TechSupport,StreamingTV,StreamingMovies,Contract,PaperlessBilling,PaymentMethod,MonthlyCharges,TotalCharges,TenureGroup,MonthlyChargeGroup,AverageMonthlyValue,ServiceCount,HasSecurityOrSupport,IsLongTermContract,UsesPaperlessBilling,ActualChurn,ChurnProbability,PredictedChurn,RiskLevel
4376-KFVRS,Male,0,Yes,Yes,72,Yes,Yes,Fiber optic,Yes,Yes,Yes,Yes,Yes,Yes,Two year,Yes,Credit card (automatic),114.05,8468.2,49+ Months,$90+,117.6138888888889,8,1,1,1,No,0.006666666666666667,No,Low Risk
2754-SDJRD,Female,1,No,No,8,Yes,Yes,Fiber optic,No,No,No,Yes,Yes,Yes,Month-to-month,Yes,Credit card (automatic),100.15,908.55,7-12 Months,$90+,113.56875,5,1,0,1,No,0.79,Yes,High Risk
9917-KWRBE,Female,0,Yes,Yes,41,Yes,Yes,DSL,Yes,Yes,Yes,No,Yes,No,One year,Yes,Credit card (automatic),78.35,3211.2,25-48 Months,$60-$89,78.32195121951219,6,1,1,1,No,0.09666666666666666,No,Low Risk
0365-GXEZS,Male,0,Yes,No,18,Yes,No,Fiber optic,No,No,Yes,Yes,No,No,Month-to-month,No,Electronic check,78.2,1468.75,13-24 Months,$60-$89,81.59722222222223,3,1,0,0,No,0.36,No,Low Risk
9385-NXKDA,Female,0,Yes,No,72,Yes,Yes,DSL,Yes,Yes,Yes,No,Yes,Yes,Two year,Yes,Credit card (automatic),82.65,5919.35,49+ Months,$60-$89,82.21319444444445,7,1,1,1,No,0.013333333333333334,No,Low Risk
4686-UXDML,Female,0,No,No,21,Yes,Yes,Fiber optic,No,Yes,No,No,Yes,Yes,Month-to-month,Yes,Credit card (automatic),99.85,1992.55,13-24 Months,$90+,94.88333333333333,5,0,0,1,No,0.58,Yes,Medium Risk
2227-JRSJX,Female,0,No,No,21,Yes,No,Fiber optic,No,Yes,No,Yes,Yes,Yes,Month-to-month,Yes,Bank transfer (automatic),99.15,1956.4,13-24 Months,$90+,93.16190476190476,5,1,0,1,No,0.54,Yes,Medium Risk
4830-FAXFM,Male,0,No,Yes,19,Yes,Yes,No,No internet service,No internet service,No internet service,No internet service,No internet service,No internet service,Month-to-month,Yes,Credit card (automatic),24.1,439.2,13-24 Months,Below $30,23.11578947368421,2,0,0,1,No,0.17333333333333334,No,Low Risk
1830-IPXVJ,Female,0,Yes,Yes,61,Yes,No,No,No internet service,No internet service,No internet service,No internet service,No internet service,No internet service,Two year,No,Credit card (automatic),19.75,1311.6,49+ Months,Below $30,21.50163934426229,1,0,1,0,No,0.01,No,Low Risk
4690-LLKUA,Male,1,No,No,17,Yes,No,DSL,No,No,No,No,No,No,Month-to-month,Yes,Electronic check,45.05,770.6,13-24 Months,$30-$59,45.32941176470588,1,0,0,1,Yes,0.48,Yes,Medium Risk
5804-HYIEZ,Male,0,Yes,Yes,70,Yes,Yes,Fiber optic,Yes,Yes,No,No,Yes,Yes,Month-to-month,Yes,Electronic check,106.05,7554.05,49+ Months,$90+,107.915,6,1,0,1,No,0.36,No,Low Risk
2388-LAESQ,Female,1,Yes,No,72,Yes,Yes,Fiber optic,Yes,Yes,Yes,Yes,Yes,Yes,Two year,Yes,Bank transfer (automatic),114.85,8317.95,49+ Months,$90+,115.52708333333334,8,1,1,1,No,0.0,No,Low Risk
5533-RJFTJ,Male,0,No,No,49,No,No phone service,DSL,No,No,Yes,No,No,No,Month-to-month,Yes,Bank transfer (automatic),30.2,1453.1,49+ Months,$30-$59,29.655102040816324,1,0,0,1,No,0.4266666666666667,Yes,Medium Risk
4706-AXVKM,Female,1,No,No,11,Yes,Yes,Fiber optic,No,No,No,No,No,Yes,Month-to-month,Yes,Credit card (automatic),84.8,906.85,7-12 Months,$60-$89,82.44090909090909,3,0,0,1,Yes,0.75,Yes,High Risk
0997-YTLNY,Female,0,No,Yes,19,Yes,No,DSL,No,No,No,Yes,No,No,Month-to-month,No,Mailed check,48.8,953.65,13-24 Months,$30-$59,50.19210526315789,2,1,0,0,No,0.24333333333333335,No,Low Risk
7971-HLVXI,Male,0,Yes,Yes,72,Yes,Yes,Fiber optic,No,No,No,No,No,Yes,Two year,Yes,Credit card (automatic),84.5,6130.85,49+ Months,$60-$89,85.15069444444445,3,0,1,1,No,0.14333333333333334,No,Low Risk
7337-CINUD,Female,0,Yes,Yes,8,Yes,No,No,No internet service,No internet service,No internet service,No internet service,No internet service,No internet service,Two year,No,Bank transfer (automatic),19.5,159.35,7-12 Months,Below $30,19.91875,1,0,1,0,No,0.09,No,Low Risk
1379-FRVEB,Male,0,No,Yes,15,Yes,Yes,Fiber optic,No,Yes,No,No,Yes,No,Month-to-month,Yes,Electronic check,91.0,1430.05,13-24 Months,$90+,95.33666666666666,4,0,0,1,No,0.7633333333333333,Yes,High Risk
4753-PADAS,Female,0,Yes,No,67,Yes,Yes,Fiber optic,No,Yes,Yes,No,Yes,Yes,One year,Yes,Bank transfer (automatic),105.7,6816.95,49+ Months,$90+,101.7455223880597,6,0,1,1,No,0.27,No,Low Risk
5701-GUXDC,Female,0,Yes,No,26,No,No phone service,DSL,Yes,No,Yes,No,No,No,One year,No,Credit card (automatic),35.4,978.6,25-48 Months,$30-$59,37.63846153846154,2,1,1,0,No,0.08,No,Low Risk
7235-NXZCP,Male,1,No,No,2,Yes,Yes,Fiber optic,No,No,No,No,No,No,Month-to-month,Yes,Mailed check,74.85,156.4,0-6 Months,$60-$89,78.2,2,0,0,1,Yes,0.76,Yes,High Risk
0668-OGMHD,Female,0,Yes,No,21,No,No phone service,DSL,Yes,No,No,No,No,No,Month-to-month,No,Electronic check,28.5,629.35,13-24 Months,Below $30,29.969047619047625,1,1,0,0,No,0.4066666666666667,Yes,Medium Risk
2812-REYAT,Female,0,Yes,No,49,Yes,No,No,No internet service,No internet service,No internet service,No internet service,No internet service,No internet service,One year,Yes,Bank transfer (automatic),20.05,923.1,49+ Months,Below $30,18.838775510204083,1,0,1,1,No,0.043333333333333335,No,Low Risk
8779-YIQQA,Male,0,Yes,Yes,21,Yes,No,No,No internet service,No internet service,No internet service,No internet service,No internet service,No internet service,One year,No,Mailed check,19.8,350.1,13-24 Months,Below $30,16.67142857142857,1,0,1,0,No,0.0033333333333333335,No,Low Risk
9701-CDXHR,Female,0,Yes,No,51,Yes,No,Fiber optic,No,No,No,No,No,No,Month-to-month,No,Mailed check,69.15,3649.6,49+ Months,$60-$89,71.56078431372549,1,0,0,0,No,0.35,No,Low Risk
7130-CTCUS,Male,1,Yes,No,16,Yes,No,DSL,Yes,Yes,No,No,No,No,Month-to-month,Yes,Bank transfer (automatic),54.55,825.1,13-24 Months,$30-$59,51.56875,3,1,0,1,No,0.35333333333333333,No,Low Risk
1894-IGFSG,Female,0,No,No,22,Yes,No,Fiber optic,No,No,No,No,Yes,Yes,Month-to-month,No,Electronic check,89.25,1907.85,13-24 Months,$60-$89,86.72045454545454,3,0,0,0,Yes,0.5866666666666667,Yes,Medium Risk
0871-URUWO,Male,0,Yes,No,13,Yes,Yes,Fiber optic,No,No,Yes,No,Yes,Yes,Month-to-month,Yes,Credit card (automatic),102.25,1359.0,13-24 Months,$90+,104.53846153846152,5,0,0,1,Yes,0.7833333333333333,Yes,High Risk
0057-QBUQH,Female,0,No,Yes,43,Yes,Yes,No,No internet service,No internet service,No internet service,No internet service,No internet service,No internet service,Two year,Yes,Electronic check,25.1,1070.15,25-48 Months,Below $30,24.887209302325584,2,0,1,1,No,0.04666666666666667,No,Low Risk
9611-CTWIH,Female,0,No,No,3,Yes,No,Fiber optic,No,No,No,No,Yes,Yes,Month-to-month,Yes,Electronic check,89.45,240.45,0-6 Months,$60-$89,80.14999999999999,3,0,0,1,Yes,0.8333333333333334,Yes,High Risk
8058-DMYRU,Male,1,No,No,54,Yes,Yes,Fiber optic,No,Yes,No,No,No,Yes,Month-to-month,Yes,Electronic check,90.05,4931.8,49+ Months,$90+,91.32962962962964,4,0,0,1,No,0.49,Yes,Medium Risk
5351-QESIO,Male,0,No,Yes,1,No,No phone service,DSL,No,No,No,No,No,No,Month-to-month,No,Mailed check,24.2,24.2,0-6 Months,Below $30,24.2,0,0,0,0,No,0.30666666666666664,No,Low Risk
4302-ZYFEL,Male,0,Yes,Yes,69,Yes,No,No,No internet service,No internet service,No internet service,No internet service,No internet service,No internet service,One year,Yes,Credit card (automatic),20.55,1403.1,49+ Months,Below $30,20.33478260869565,1,0,1,1,No,0.0,No,Low Risk
6134-KWTBV,Male,0,No,No,62,Yes,Yes,No,No internet service,No internet service,No internet service,No internet service,No internet service,No internet service,Two year,No,Bank transfer (automatic),23.4,1429.65,49+ Months,Below $30,23.05887096774193,2,0,1,0,No,0.02,No,Low Risk
2034-GDRCN,Female,0,No,No,2,Yes,No,Fiber optic,No,No,No,No,Yes,Yes,Month-to-month,Yes,Electronic check,90.4,168.2,0-6 Months,$90+,84.1,3,0,0,1,Yes,0.9,Yes,High Risk
9544-PYPSJ,Female,1,Yes,Yes,62,Yes,Yes,Fiber optic,No,Yes,Yes,No,No,Yes,Month-to-month,Yes,Credit card (automatic),96.1,6019.35,49+ Months,$90+,97.08629032258064,5,0,0,1,No,0.31,No,Low Risk
4208-UFFGW,Male,1,No,No,2,Yes,No,DSL,No,No,No,No,No,No,Month-to-month,No,Mailed check,44.95,85.15,0-6 Months,$30-$59,42.575,1,0,0,0,Yes,0.7433333333333333,Yes,High Risk
9537-JALFH,Male,0,Yes,Yes,69,Yes,No,No,No internet service,No internet service,No internet service,No internet service,No internet service,No internet service,Two year,No,Bank transfer (automatic),19.9,1356.7,49+ Months,Below $30,19.66231884057971,1,0,1,0,No,0.006666666666666667,No,Low Risk
4415-IJZTP,Female,0,No,No,1,Yes,Yes,Fiber optic,No,No,No,No,No,No,Month-to-month,Yes,Electronic check,74.5,74.5,0-6 Months,$60-$89,74.5,2,0,0,1,Yes,0.9833333333333333,Yes,High Risk
4701-MLJPN,Male,0,No,No,31,Yes,No,DSL,No,No,Yes,Yes,No,No,Month-to-month,Yes,Electronic check,55.25,1715.65,25-48 Months,$30-$59,55.34354838709677,3,1,0,1,Yes,0.14333333333333334,No,Low Risk
7515-LODFU,Male,1,No,No,69,Yes,No,No,No internet service,No internet service,No internet service,No internet service,No internet service,No internet service,Two year,No,Credit card (automatic),20.3,1356.3,49+ Months,Below $30,19.656521739130437,1,0,1,0,No,0.006666666666666667,No,Low Risk
4927-WWOOZ,Male,0,Yes,No,2,Yes,Yes,Fiber optic,No,No,Yes,No,Yes,No,Month-to-month,Yes,Electronic check,91.45,171.45,0-6 Months,$90+,85.725,4,0,0,1,No,0.9133333333333333,Yes,High Risk
4067-HLYQI,Female,0,No,No,33,Yes,No,Fiber optic,No,No,No,No,No,No,Month-to-month,Yes,Bank transfer (automatic),70.4,2406.1,25-48 Months,$60-$89,72.9121212121212,1,0,0,1,No,0.74,Yes,High Risk
6184-DYUOB,Female,0,Yes,No,3,Yes,No,No,No internet service,No internet service,No internet service,No internet service,No internet service,No internet service,Month-to-month,Yes,Mailed check,19.6,55.25,0-6 Months,Below $30,18.416666666666668,1,0,0,1,No,0.15666666666666668,No,Low Risk
9209-NWPGU,Male,0,No,No,44,Yes,No,DSL,Yes,No,No,Yes,Yes,No,One year,No,Electronic check,65.4,2774.55,25-48 Months,$60-$89,63.05795454545455,4,1,1,0,No,0.11666666666666667,No,Low Risk
9851-KIELU,Male,0,No,No,10,Yes,No,Fiber optic,Yes,Yes,Yes,Yes,Yes,Yes,Month-to-month,Yes,Electronic check,110.1,1043.3,7-12 Months,$90+,104.33,7,1,0,1,Yes,0.72,Yes,High Risk
3199-XGZCY,Female,0,No,No,8,Yes,Yes,Fiber optic,No,No,No,No,No,No,Month-to-month,Yes,Electronic check,75.25,576.7,7-12 Months,$60-$89,72.0875,2,0,0,1,No,0.64,Yes,Medium Risk
4226-KKDON,Male,0,No,No,8,Yes,No,DSL,No,Yes,No,Yes,Yes,No,Month-to-month,Yes,Electronic check,66.65,520.95,7-12 Months,$60-$89,65.11875,4,1,0,1,No,0.19666666666666666,No,Low Risk
1085-LDWAM,Female,0,Yes,Yes,69,Yes,No,No,No internet service,No internet service,No internet service,No internet service,No internet service,No internet service,One year,Yes,Credit card (automatic),20.35,1442.65,49+ Months,Below $30,20.907971014492755,1,0,1,1,No,0.01,No,Low Risk
6825-UYPFK,Female,0,No,No,23,Yes,Yes,Fiber optic,No,No,No,No,No,No,Month-to-month,No,Bank transfer (automatic),75.6,1758.6,13-24 Months,$60-$89,76.4608695652174,2,0,0,0,Yes,0.38333333333333336,No,Low Risk
1767-CJKBA,Male,0,No,No,66,Yes,Yes,No,No internet service,No internet service,No internet service,No internet service,No internet service,No internet service,Two year,No,Mailed check,25.1,1697.7,49+ Months,Below $30,25.722727272727276,2,0,1,0,No,0.0,No,Low Risk
7181-BQYBV,Female,0,Yes,Yes,1,Yes,Yes,Fiber optic,Yes,No,Yes,No,Yes,Yes,Month-to-month,Yes,Electronic check,102.45,102.45,0-6 Months,$90+,102.45,6,1,0,1,Yes,0.8733333333333333,Yes,High Risk
0178-CIIKR,Female,0,No,No,3,Yes,No,No,No internet service,No internet service,No internet service,No internet service,No internet service,No internet service,Month-to-month,No,Mailed check,19.95,58.0,0-6 Months,Below $30,19.33333333333333,1,0,0,0,No,0.3883333333333333,No,Low Risk
4256-ZWTZI,Female,0,No,Yes,5,Yes,No,DSL,No,No,No,Yes,No,No,Month-to-month,Yes,Mailed check,51.0,286.8,0-6 Months,$30-$59,57.36,2,1,0,1,No,0.4033333333333333,Yes,Medium Risk
9537-VHDTA,Female,0,No,Yes,1,Yes,No,DSL,Yes,No,No,No,No,No,Month-to-month,No,Mailed check,51.2,51.2,0-6 Months,$30-$59,51.2,2,1,0,0,No,0.41333333333333333,Yes,Medium Risk
2754-XBHTB,Female,0,No,No,9,Yes,No,Fiber optic,No,No,No,No,Yes,No,Month-to-month,Yes,Bank transfer (automatic),77.65,714.15,7-12 Months,$60-$89,79.35,2,0,0,1,Yes,0.6766666666666666,Yes,Medium Risk
5975-BAICR,Male,0,Yes,Yes,36,Yes,No,DSL,Yes,No,Yes,No,No,Yes,One year,Yes,Credit card (automatic),63.7,2188.5,25-48 Months,$60-$89,60.79166666666666,4,1,1,1,No,0.14666666666666667,No,Low Risk
3301-VKTGC,Male,0,Yes,Yes,68,Yes,Yes,Fiber optic,Yes,Yes,No,No,No,No,One year,Yes,Bank transfer (automatic),85.5,5696.6,49+ Months,$60-$89,83.77352941176471,4,1,1,1,No,0.056666666666666664,No,Low Risk
2877-VDUER,Female,0,Yes,Yes,35,No,No phone service,DSL,No,No,No,Yes,Yes,No,One year,No,Mailed check,40.9,1383.6,25-48 Months,$30-$59,39.53142857142857,2,1,1,0,No,0.09,No,Low Risk
7717-BICXI,Male,0,Yes,Yes,60,Yes,No,No,No internet service,No internet service,No internet service,No internet service,No internet service,No internet service,Two year,No,Mailed check,20.55,1205.05,49+ Months,Below $30,20.084166666666665,1,0,1,0,No,0.0,No,Low Risk
0562-FGDCR,Female,0,Yes,Yes,72,Yes,Yes,DSL,Yes,Yes,No,Yes,Yes,No,Two year,No,Mailed check,74.55,5430.65,49+ Months,$60-$89,75.42569444444445,6,1,1,0,No,0.006666666666666667,No,Low Risk
3705-PSNGL,Male,0,No,No,45,Yes,No,No,No internet service,No internet service,No internet service,No internet service,No internet service,No internet service,One year,Yes,Electronic check,20.4,930.45,25-48 Months,Below $30,20.67666666666667,1,0,1,1,Yes,0.0,No,Low Risk
0048-LUMLS,Male,0,Yes,Yes,37,Yes,No,Fiber optic,No,No,No,No,Yes,Yes,One year,No,Credit card (automatic),91.2,3247.55,25-48 Months,$90+,87.77162162162162,3,0,1,0,No,0.31,No,Low Risk
6497-TILVL,Female,0,Yes,Yes,7,Yes,No,DSL,Yes,No,No,No,No,No,Month-to-month,No,Mailed check,50.7,350.35,7-12 Months,$30-$59,50.05,2,1,0,0,No,0.23333333333333334,No,Low Risk
2108-YKQTY,Female,0,No,No,4,Yes,No,DSL,No,Yes,No,No,No,No,Month-to-month,No,Credit card (automatic),50.7,151.3,0-6 Months,$30-$59,37.825,2,0,0,0,Yes,0.45666666666666667,Yes,Medium Risk
3658-KIBGF,Female,0,No,No,1,Yes,No,DSL,Yes,Yes,No,No,No,No,Month-to-month,Yes,Electronic check,54.9,54.9,0-6 Months,$30-$59,54.9,3,1,0,1,Yes,0.7166666666666667,Yes,High Risk
5482-NUPNA,Female,0,No,No,4,Yes,No,DSL,Yes,Yes,No,Yes,No,No,Month-to-month,Yes,Mailed check,60.4,272.15,0-6 Months,$60-$89,68.0375,4,1,0,1,Yes,0.32666666666666666,No,Low Risk
7410-KTVFV,Male,0,Yes,No,18,Yes,No,DSL,No,No,Yes,No,No,No,Month-to-month,Yes,Mailed check,49.55,878.35,13-24 Months,$30-$59,48.797222222222224,2,0,0,1,Yes,0.11,No,Low Risk
9033-EOXWV,Female,0,No,No,12,Yes,Yes,DSL,No,No,No,Yes,Yes,Yes,One year,No,Mailed check,74.05,872.65,7-12 Months,$60-$89,72.72083333333333,5,1,1,0,Yes,0.15666666666666668,No,Low Risk
8821-XNHVZ,Female,0,Yes,Yes,1,Yes,No,Fiber optic,No,No,No,No,Yes,No,Month-to-month,Yes,Mailed check,80.05,80.05,0-6 Months,$60-$89,80.05,2,0,0,1,Yes,0.8033333333333333,Yes,High Risk
8224-KDLKN,Male,0,Yes,Yes,72,Yes,Yes,No,No internet service,No internet service,No internet service,No internet service,No internet service,No internet service,Two year,No,Bank transfer (automatic),25.0,1738.9,49+ Months,Below $30,24.15138888888889,2,0,1,0,No,0.0,No,Low Risk
4825-FUREZ,Male,0,Yes,No,42,Yes,No,No,No internet service,No internet service,No internet service,No internet service,No internet service,No internet service,Two year,No,Electronic check,20.25,835.5,25-48 Months,Below $30,19.892857142857142,1,0,1,0,No,0.0,No,Low Risk
7534-BFESC,Male,1,No,No,24,Yes,Yes,Fiber optic,No,No,No,No,No,No,Month-to-month,Yes,Electronic check,76.1,1712.7,13-24 Months,$60-$89,71.3625,2,0,0,1,Yes,0.52,Yes,Medium Risk
9138-EFSMO,Male,0,Yes,Yes,26,Yes,No,Fiber optic,No,No,No,No,No,Yes,One year,No,Bank transfer (automatic),78.95,2034.25,25-48 Months,$60-$89,78.24038461538461,2,0,1,0,No,0.2,No,Low Risk
4227-OJHAL,Female,0,Yes,Yes,68,Yes,Yes,DSL,Yes,Yes,Yes,No,Yes,No,One year,Yes,Credit card (automatic),73.0,5163.0,49+ Months,$60-$89,75.92647058823529,6,1,1,1,No,0.1,No,Low Risk
7279-NMVJC,Female,0,No,No,17,Yes,No,No,No internet service,No internet service,No internet service,No internet service,No internet service,No internet service,One year,No,Bank transfer (automatic),19.9,323.15,13-24 Months,Below $30,19.008823529411764,1,0,1,0,No,0.12333333333333334,No,Low Risk
8591-TKMZH,Male,0,Yes,Yes,59,Yes,Yes,Fiber optic,Yes,Yes,No,Yes,Yes,Yes,Two year,Yes,Mailed check,111.1,6555.2,49+ Months,$90+,111.10508474576272,7,1,1,1,No,0.15333333333333332,No,Low Risk
9283-LZQOH,Male,0,Yes,Yes,13,Yes,Yes,Fiber optic,No,No,No,No,No,No,Month-to-month,Yes,Credit card (automatic),74.4,896.75,13-24 Months,$60-$89,68.98076923076923,2,0,0,1,Yes,0.54,Yes,Medium Risk
3594-IVHJZ,Female,0,No,No,2,Yes,No,No,No internet service,No internet service,No internet service,No internet service,No internet service,No internet service,Month-to-month,Yes,Mailed check,20.45,42.45,0-6 Months,Below $30,21.225,1,0,0,1,No,0.06666666666666667,No,Low Risk
1945-XISKS,Female,0,Yes,No,67,Yes,No,No,No internet service,No internet service,No internet service,No internet service,No internet service,No internet service,Two year,No,Mailed check,19.65,1335.2,49+ Months,Below $30,19.928358208955224,1,0,1,0,No,0.01,No,Low Risk
4359-INNWN,Female,0,No,No,17,Yes,No,No,No internet service,No internet service,No internet service,No internet service,No internet service,No internet service,One year,No,Credit card (automatic),20.05,337.9,13-24 Months,Below $30,19.876470588235293,1,0,1,0,No,0.0033333333333333335,No,Low Risk
7649-SIJJF,Male,0,Yes,No,71,Yes,Yes,DSL,Yes,Yes,Yes,Yes,No,Yes,Two year,Yes,Mailed check,80.1,5585.4,49+ Months,$60-$89,78.66760563380281,7,1,1,1,No,0.023333333333333334,No,Low Risk
9254-RBFON,Female,0,Yes,Yes,17,Yes,No,Fiber optic,No,No,Yes,Yes,Yes,Yes,One year,No,Bank transfer (automatic),98.6,1704.95,13-24 Months,$90+,100.29117647058824,5,1,1,0,Yes,0.44333333333333336,Yes,Medium Risk
0970-ETWGE,Male,0,No,No,1,Yes,No,Fiber optic,No,No,No,No,Yes,Yes,Month-to-month,Yes,Electronic check,89.55,89.55,0-6 Months,$60-$89,89.55,3,0,0,1,Yes,0.6733333333333333,Yes,Medium Risk
7762-ONLJY,Female,0,Yes,Yes,6,Yes,No,No,No internet service,No internet service,No internet service,No internet service,No internet service,No internet service,One year,No,Mailed check,19.7,94.45,0-6 Months,Below $30,15.741666666666667,1,0,1,0,No,0.03333333333333333,No,Low Risk
6710-HSJRD,Male,0,Yes,No,61,Yes,Yes,Fiber optic,No,Yes,Yes,Yes,Yes,Yes,Month-to-month,Yes,Electronic check,114.1,7132.15,49+ Months,$90+,116.92049180327868,7,1,0,1,No,0.29333333333333333,No,Low Risk
8873-GLDMH,Female,0,No,No,6,Yes,Yes,Fiber optic,No,No,No,No,No,No,Month-to-month,Yes,Mailed check,73.85,401.3,0-6 Months,$60-$89,66.88333333333334,2,0,0,1,No,0.8066666666666666,Yes,High Risk
9907-SWKKF,Female,1,No,No,1,No,No phone service,DSL,No,No,No,No,No,No,Month-to-month,No,Mailed check,25.05,25.05,0-6 Months,Below $30,25.05,0,0,0,0,Yes,0.8533333333333334,Yes,High Risk
4658-HCOHW,Female,0,Yes,Yes,21,Yes,No,Fiber optic,No,Yes,Yes,Yes,Yes,Yes,Month-to-month,Yes,Electronic check,102.8,2110.15,13-24 Months,$90+,100.48333333333332,6,1,0,1,Yes,0.5666666666666667,Yes,Medium Risk
9330-VOFSZ,Female,0,Yes,No,60,Yes,Yes,Fiber optic,No,Yes,Yes,Yes,Yes,Yes,Two year,Yes,Credit card (automatic),110.8,6640.7,49+ Months,$90+,110.67833333333331,7,1,1,1,No,0.13333333333333333,No,Low Risk
2860-RANUS,Female,1,No,No,20,Yes,Yes,Fiber optic,No,No,No,No,No,Yes,Month-to-month,Yes,Credit card (automatic),85.8,1727.5,13-24 Months,$60-$89,86.375,3,0,0,1,Yes,0.7,Yes,Medium Risk
6234-PFPXL,Male,0,Yes,No,22,Yes,Yes,Fiber optic,Yes,No,No,Yes,Yes,No,Month-to-month,No,Credit card (automatic),95.9,2234.95,13-24 Months,$90+,101.58863636363635,5,1,0,0,No,0.5233333333333333,Yes,Medium Risk
7205-BAIAD,Female,0,No,No,40,Yes,No,No,No internet service,No internet service,No internet service,No internet service,No internet service,No internet service,Two year,Yes,Bank transfer (automatic),20.6,827.3,25-48 Months,Below $30,20.6825,1,0,1,1,No,0.0,No,Low Risk
3858-VOBET,Male,0,No,No,23,Yes,Yes,Fiber optic,No,No,No,No,No,No,Month-to-month,Yes,Electronic check,74.95,1710.45,13-24 Months,$60-$89,74.36739130434783,2,0,0,1,Yes,0.5033333333333333,Yes,Medium Risk
5103-MHMHY,Female,0,No,Yes,1,Yes,No,DSL,No,No,No,No,No,No,Month-to-month,No,Mailed check,45.95,45.95,0-6 Months,$30-$59,45.95,1,0,0,0,Yes,0.5666666666666667,Yes,Medium Risk
6119-SPUDB,Male,0,No,No,46,No,No phone service,DSL,Yes,No,Yes,Yes,No,No,Two year,No,Mailed check,38.25,1755.35,25-48 Months,$30-$59,38.15978260869565,3,1,1,0,No,0.016666666666666666,No,Low Risk
9389-ACWBI,Female,0,Yes,Yes,5,Yes,No,Fiber optic,No,No,No,No,No,No,Month-to-month,No,Credit card (automatic),69.95,320.4,0-6 Months,$60-$89,64.08,1,0,0,0,No,0.47333333333333333,Yes,Medium Risk
3454-JFUBC,Male,1,No,No,68,Yes,No,No,No internet service,No internet service,No internet service,No internet service,No internet service,No internet service,Two year,Yes,Credit card (automatic),20.0,1396.0,49+ Months,Below $30,20.529411764705884,1,0,1,1,No,0.01,No,Low Risk
1768-ZAIFU,Female,1,No,No,1,No,No phone service,DSL,No,No,No,No,No,No,Month-to-month,Yes,Electronic check,25.2,25.2,0-6 Months,Below $30,25.2,0,0,0,1,Yes,0.89,Yes,High Risk
7017-VFULY,Female,0,Yes,No,2,Yes,No,No,No internet service,No internet service,No internet service,No internet service,No internet service,No internet service,Month-to-month,No,Bank transfer (automatic),20.1,43.15,0-6 Months,Below $30,21.575,1,0,0,0,No,0.12666666666666668,No,Low Risk
9221-OTIVJ,Female,1,No,No,14,Yes,Yes,Fiber optic,No,Yes,Yes,No,Yes,Yes,Month-to-month,Yes,Electronic check,104.85,1531.4,13-24 Months,$90+,109.38571428571429,6,0,0,1,Yes,0.7133333333333334,Yes,High Risk
2482-CZGBB,Male,0,No,No,10,Yes,No,Fiber optic,No,No,No,No,No,No,Month-to-month,Yes,Electronic check,70.0,740.0,7-12 Months,$60-$89,74.0,1,0,0,1,Yes,0.6066666666666667,Yes,Medium Risk
7018-WBJNK,Male,0,No,Yes,13,Yes,No,Fiber optic,No,No,No,No,Yes,No,Month-to-month,Yes,Credit card (automatic),78.3,1033.95,13-24 Months,$60-$89,79.53461538461539,2,0,0,1,No,0.5966666666666667,Yes,Medium Risk
3331-HQDTW,Female,0,No,No,34,Yes,Yes,Fiber optic,Yes,Yes,Yes,No,Yes,Yes,Month-to-month,Yes,Mailed check,109.8,3587.25,25-48 Months,$90+,105.50735294117646,7,1,0,1,Yes,0.44666666666666666,Yes,Medium Risk
4695-VADHF,Male,0,Yes,Yes,18,Yes,No,DSL,No,No,Yes,No,No,Yes,Month-to-month,No,Electronic check,57.45,990.85,13-24 Months,$30-$59,55.047222222222224,3,0,0,0,Yes,0.41,Yes,Medium Risk
4086-WITJG,Male,0,Yes,Yes,71,Yes,No,No,No internet service,No internet service,No internet service,No internet service,No internet service,No internet service,Two year,No,Credit card (automatic),19.7,1301.1,49+ Months,Below $30,18.32535211267605,1,0,1,0,No,0.016666666666666666,No,Low Risk
6297-NOOPG,Female,0,Yes,No,70,Yes,Yes,Fiber optic,No,Yes,Yes,Yes,Yes,Yes,Two year,Yes,Electronic check,110.5,7752.05,49+ Months,$90+,110.74357142857144,7,1,1,1,No,0.13333333333333333,No,Low Risk
8777-PVYGU,Female,0,Yes,No,52,Yes,No,DSL,Yes,No,Yes,No,Yes,No,One year,Yes,Mailed check,64.3,3410.6,49+ Months,$60-$89,65.58846153846153,4,1,1,1,No,0.04,No,Low Risk
4378-MYPGO,Male,0,Yes,Yes,68,Yes,No,Fiber optic,Yes,Yes,Yes,No,Yes,Yes,Two year,Yes,Bank transfer (automatic),105.25,7173.15,49+ Months,$90+,105.4875,6,1,1,1,No,0.10333333333333333,No,Low Risk
9313-CDOGY,Male,0,Yes,Yes,38,Yes,No,No,No internet service,No internet service,No internet service,No internet service,No internet service,No internet service,Month-to-month,No,Electronic check,19.6,717.3,25-48 Months,Below $30,18.876315789473683,1,0,0,0,No,0.10333333333333333,No,Low Risk
4121-AGSIN,Female,0,Yes,Yes,58,Yes,Yes,No,No internet service,No internet service,No internet service,No internet service,No internet service,No internet service,One year,Yes,Credit card (automatic),24.5,1497.9,49+ Months,Below $30,25.82586206896552,2,0,1,1,No,0.01,No,Low Risk
0432-CAJZV,Male,0,No,No,3,Yes,No,Fiber optic,No,No,No,No,Yes,Yes,Month-to-month,No,Mailed check,90.7,237.65,0-6 Months,$90+,79.21666666666667,3,0,0,0,No,0.6966666666666667,Yes,Medium Risk
9097-ZUBYC,Male,0,Yes,No,14,Yes,No,DSL,No,No,No,Yes,No,No,Month-to-month,No,Bank transfer (automatic),48.8,664.4,13-24 Months,$30-$59,47.457142857142856,2,1,0,0,No,0.44,Yes,Medium Risk
9638-JIQYA,Male,0,No,No,2,No,No phone service,DSL,No,No,No,No,No,No,Month-to-month,Yes,Credit card (automatic),24.9,49.7,0-6 Months,Below $30,24.85,0,0,0,1,No,0.81,Yes,High Risk
1024-GUALD,Female,0,Yes,No,1,No,No phone service,DSL,No,No,No,No,No,No,Month-to-month,Yes,Electronic check,24.8,24.8,0-6 Months,Below $30,24.8,0,0,0,1,Yes,0.8266666666666667,Yes,High Risk
8024-XNAFQ,Female,1,No,No,72,Yes,Yes,Fiber optic,Yes,Yes,Yes,Yes,No,Yes,Two year,Yes,Bank transfer (automatic),107.4,7748.75,49+ Months,$90+,107.62152777777776,7,1,1,1,No,0.056666666666666664,No,Low Risk
7587-RZNME,Male,0,No,No,3,Yes,No,DSL,No,No,No,No,No,No,Month-to-month,Yes,Electronic check,43.3,123.65,0-6 Months,$30-$59,41.21666666666667,1,0,0,1,Yes,0.74,Yes,High Risk
1346-UFHAX,Female,0,No,No,13,Yes,Yes,Fiber optic,Yes,No,No,No,No,No,Month-to-month,Yes,Credit card (automatic),80.0,1029.35,13-24 Months,$60-$89,79.18076923076923,3,1,0,1,No,0.45,Yes,Medium Risk
6374-NTQLP,Male,1,Yes,Yes,72,Yes,No,Fiber optic,Yes,No,Yes,Yes,Yes,Yes,Two year,Yes,Credit card (automatic),104.1,7447.7,49+ Months,$90+,103.44027777777778,6,1,1,1,No,0.08333333333333333,No,Low Risk
6625-FLENO,Male,0,Yes,No,58,Yes,No,No,No internet service,No internet service,No internet service,No internet service,No internet service,No internet service,Two year,No,Mailed check,20.75,1185.95,49+ Months,Below $30,20.44741379310345,1,0,1,0,No,0.01,No,Low Risk
7375-WMVMT,Male,1,Yes,No,71,Yes,No,Fiber optic,No,Yes,Yes,Yes,No,Yes,Two year,Yes,Credit card (automatic),95.5,6707.15,49+ Months,$90+,94.4669014084507,5,1,1,1,No,0.08,No,Low Risk
6910-HADCM,Female,0,No,No,1,Yes,No,Fiber optic,No,No,Yes,No,No,No,Month-to-month,No,Electronic check,76.35,76.35,0-6 Months,$60-$89,76.35,2,0,0,0,Yes,0.6966666666666667,Yes,Medium Risk
7401-JIXNM,Female,0,Yes,Yes,54,Yes,Yes,DSL,Yes,Yes,Yes,Yes,Yes,Yes,Two year,No,Credit card (automatic),91.3,4965.0,49+ Months,$90+,91.94444444444444,8,1,1,0,No,0.01,No,Low Risk
7338-ERIVA,Male,0,No,Yes,39,No,No phone service,DSL,Yes,No,No,Yes,Yes,No,One year,No,Bank transfer (automatic),45.05,1790.6,25-48 Months,$30-$59,45.91282051282051,3,1,1,0,No,0.02,No,Low Risk
5376-DEQCP,Female,0,No,No,1,Yes,No,Fiber optic,No,No,No,No,No,No,Month-to-month,Yes,Electronic check,70.6,70.6,0-6 Months,$60-$89,70.6,1,0,0,1,Yes,0.8833333333333333,Yes,High Risk
0909-SELIE,Male,0,Yes,No,61,Yes,Yes,DSL,Yes,Yes,Yes,Yes,No,Yes,Two year,Yes,Bank transfer (automatic),80.8,4860.85,49+ Months,$60-$89,79.68606557377049,7,1,1,1,No,0.023333333333333334,No,Low Risk
5419-KLXBN,Female,0,Yes,Yes,25,Yes,No,Fiber optic,No,Yes,Yes,No,Yes,No,Month-to-month,Yes,Bank transfer (automatic),89.15,2257.75,25-48 Months,$60-$89,90.31,4,0,0,1,Yes,0.4666666666666667,Yes,Medium Risk
0365-TRTPY,Female,0,No,No,37,Yes,Yes,Fiber optic,Yes,Yes,Yes,No,No,No,Month-to-month,No,Bank transfer (automatic),91.2,3382.3,25-48 Months,$90+,91.41351351351352,5,1,0,0,No,0.47,Yes,Medium Risk
6712-OAWRH,Female,1,No,No,26,Yes,No,Fiber optic,No,No,No,No,Yes,Yes,Month-to-month,Yes,Electronic check,91.25,2351.8,25-48 Months,$90+,90.45384615384616,3,0,0,1,Yes,0.6133333333333333,Yes,Medium Risk
2428-ZMCTB,Male,0,No,No,10,Yes,No,No,No internet service,No internet service,No internet service,No internet service,No internet service,No internet service,Month-to-month,No,Credit card (automatic),19.75,208.25,7-12 Months,Below $30,20.825,1,0,0,0,No,0.07,No,Low Risk
1963-VAUKV,Female,0,No,No,1,Yes,No,No,No internet service,No internet service,No internet service,No internet service,No internet service,No internet service,Month-to-month,No,Mailed check,20.4,20.4,0-6 Months,Below $30,20.4,1,0,0,0,Yes,0.1158240740740741,No,Low Risk
9381-NDKME,Female,1,Yes,No,24,No,No phone service,DSL,No,No,Yes,No,No,Yes,Month-to-month,Yes,Credit card (automatic),40.65,933.3,13-24 Months,$30-$59,38.8875,2,0,0,1,Yes,0.4533333333333333,Yes,Medium Risk
3729-OWRVL,Male,1,No,No,65,Yes,Yes,Fiber optic,Yes,No,Yes,Yes,Yes,Yes,Two year,Yes,Electronic check,110.35,7246.15,49+ Months,$90+,111.47923076923075,7,1,1,1,No,0.51,Yes,Medium Risk
0895-LMRSF,Male,0,No,No,23,Yes,No,DSL,No,No,No,No,Yes,Yes,One year,Yes,Bank transfer (automatic),64.9,1509.8,13-24 Months,$60-$89,65.64347826086956,3,0,1,1,No,0.31333333333333335,No,Low Risk
2676-SSLTO,Male,0,No,No,49,Yes,Yes,DSL,No,No,No,Yes,Yes,No,Two year,Yes,Bank transfer (automatic),66.15,3199.0,49+ Months,$60-$89,65.28571428571429,4,1,1,1,No,0.04666666666666667,No,Low Risk
8495-PRWFH,Female,1,No,No,42,Yes,Yes,DSL,No,No,Yes,No,No,No,Month-to-month,No,Electronic check,55.65,2421.75,25-48 Months,$30-$59,57.660714285714285,3,0,0,0,No,0.2866666666666667,No,Low Risk
9030-QGZNL,Female,0,No,No,8,Yes,No,No,No internet service,No internet service,No internet service,No internet service,No internet service,No internet service,Two year,No,Mailed check,20.85,161.65,7-12 Months,Below $30,20.20625,1,0,1,0,No,0.006666666666666667,No,Low Risk
9972-NKTFD,Female,0,No,No,28,Yes,No,DSL,No,Yes,No,Yes,No,No,Month-to-month,No,Bank transfer (automatic),54.65,1517.5,25-48 Months,$30-$59,54.19642857142857,3,1,0,0,No,0.10666666666666667,No,Low Risk
7998-WNZEM,Male,0,No,No,71,Yes,Yes,DSL,Yes,Yes,Yes,Yes,No,Yes,Two year,No,Bank transfer (automatic),80.6,5708.2,49+ Months,$60-$89,80.39718309859154,7,1,1,0,No,0.01,No,Low Risk
0979-PHULV,Male,0,Yes,Yes,69,Yes,Yes,Fiber optic,No,No,Yes,No,Yes,Yes,Month-to-month,Yes,Credit card (automatic),99.45,7007.6,49+ Months,$90+,101.55942028985508,5,0,0,1,Yes,0.5866666666666667,Yes,Medium Risk
6445-TNRXS,Male,0,Yes,Yes,68,Yes,Yes,Fiber optic,Yes,Yes,Yes,Yes,Yes,Yes,Two year,Yes,Bank transfer (automatic),114.7,7849.85,49+ Months,$90+,115.43897058823528,8,1,1,1,No,0.06666666666666667,No,Low Risk
9586-JGQKH,Female,0,Yes,No,64,Yes,Yes,Fiber optic,No,Yes,No,Yes,Yes,Yes,Two year,Yes,Bank transfer (automatic),105.4,6794.75,49+ Months,$90+,106.16796875,6,1,1,1,No,0.12333333333333334,No,Low Risk
3966-HRMZA,Female,1,No,No,3,Yes,No,Fiber optic,No,No,Yes,No,No,No,Month-to-month,No,Mailed check,75.05,202.9,0-6 Months,$60-$89,67.63333333333334,2,0,0,0,No,0.5193333333333334,Yes,Medium Risk
5498-IBWPI,Female,0,Yes,Yes,66,Yes,No,DSL,No,No,No,Yes,No,No,One year,Yes,Credit card (automatic),49.4,3251.85,49+ Months,$30-$59,49.27045454545454,2,1,1,1,No,0.12666666666666668,No,Low Risk
6823-SIDFQ,Male,0,No,No,28,Yes,No,No,No internet service,No internet service,No internet service,No internet service,No internet service,No internet service,One year,No,Credit card (automatic),18.25,534.7,25-48 Months,Below $30,19.09642857142857,1,0,1,0,No,0.0,No,Low Risk
2323-ARSVR,Male,0,Yes,No,67,Yes,No,Fiber optic,Yes,Yes,Yes,Yes,Yes,Yes,Two year,Yes,Electronic check,111.05,7321.05,49+ Months,$90+,109.26940298507463,7,1,1,1,No,0.15333333333333332,No,Low Risk
5468-BPMMO,Male,0,Yes,No,46,Yes,No,No,No internet service,No internet service,No internet service,No internet service,No internet service,No internet service,Month-to-month,No,Electronic check,19.6,851.2,25-48 Months,Below $30,18.50434782608696,1,0,0,0,No,0.12,No,Low Risk
0486-HECZI,Male,0,Yes,No,55,Yes,Yes,Fiber optic,Yes,Yes,No,No,Yes,No,Month-to-month,Yes,Electronic check,96.75,5238.9,49+ Months,$90+,95.25272727272728,5,1,0,1,Yes,0.33666666666666667,No,Low Risk
2178-PMGCJ,Male,0,No,No,22,Yes,No,Fiber optic,No,No,No,No,No,No,Month-to-month,Yes,Mailed check,69.7,1490.4,13-24 Months,$60-$89,67.74545454545455,1,0,0,1,No,0.37,No,Low Risk
4660-IRIBM,Male,0,Yes,Yes,18,Yes,No,Fiber optic,Yes,No,Yes,No,Yes,No,Month-to-month,Yes,Mailed check,87.9,1500.5,13-24 Months,$60-$89,83.36111111111111,4,1,0,1,No,0.59,Yes,Medium Risk
9674-EHPPG,Male,0,Yes,No,46,No,No phone service,DSL,Yes,No,Yes,Yes,No,No,Two year,No,Credit card (automatic),40.4,1842.7,25-48 Months,$30-$59,40.05869565217392,3,1,1,0,No,0.06,No,Low Risk
5606-AMZBO,Female,0,Yes,No,10,Yes,Yes,Fiber optic,Yes,No,No,No,No,No,Month-to-month,Yes,Credit card (automatic),78.15,765.15,7-12 Months,$60-$89,76.515,3,1,0,1,No,0.71,Yes,High Risk
0665-XHDJU,Male,0,Yes,No,72,Yes,Yes,Fiber optic,No,Yes,No,No,Yes,Yes,Two year,Yes,Electronic check,99.4,7285.7,49+ Months,$90+,101.19027777777778,5,0,1,1,No,0.22,No,Low Risk
5402-HTOTQ,Male,0,No,No,16,Yes,Yes,DSL,No,Yes,No,No,No,No,Month-to-month,No,Electronic check,55.3,875.35,13-24 Months,$30-$59,54.709375,3,0,0,0,No,0.42333333333333334,Yes,Medium Risk
8258-GSTJK,Male,1,No,No,3,Yes,Yes,Fiber optic,No,No,No,No,No,No,Month-to-month,Yes,Electronic check,77.0,237.75,0-6 Months,$60-$89,79.25,2,0,0,1,Yes,0.9866666666666667,Yes,High Risk
3787-TRIAL,Male,0,Yes,Yes,21,No,No phone service,DSL,No,No,No,No,No,No,Month-to-month,Yes,Electronic check,26.05,565.75,13-24 Months,Below $30,26.94047619047619,0,0,0,1,No,0.42,Yes,Medium Risk
6175-IRFIT,Male,0,No,No,5,Yes,No,Fiber optic,No,No,No,No,No,Yes,Month-to-month,No,Mailed check,78.75,426.35,0-6 Months,$60-$89,85.27000000000001,2,0,0,0,No,0.6933333333333334,Yes,Medium Risk
6317-YPKDH,Female,0,No,No,1,No,No phone service,DSL,No,Yes,No,No,No,No,Month-to-month,No,Bank transfer (automatic),29.95,29.95,0-6 Months,Below $30,29.95,1,0,0,0,Yes,0.36666666666666664,No,Low Risk
5692-FPTAH,Female,0,No,No,1,Yes,No,DSL,No,No,No,No,No,No,Month-to-month,Yes,Mailed check,45.4,45.4,0-6 Months,$30-$59,45.4,1,0,0,1,Yes,0.42333333333333334,Yes,Medium Risk
5373-SFODM,Male,1,Yes,No,36,Yes,Yes,Fiber optic,No,No,No,No,No,Yes,Month-to-month,Yes,Credit card (automatic),85.25,3132.75,25-48 Months,$60-$89,87.02083333333333,3,0,0,1,Yes,0.6733333333333333,Yes,Medium Risk
0868-VJRDR,Male,0,Yes,No,64,Yes,No,Fiber optic,Yes,Yes,No,Yes,Yes,Yes,Two year,Yes,Credit card (automatic),104.05,6605.55,49+ Months,$90+,103.21171875,6,1,1,1,No,0.14666666666666667,No,Low Risk
4079-VTGLK,Male,1,Yes,No,30,Yes,Yes,DSL,No,No,Yes,No,Yes,Yes,Two year,No,Electronic check,74.85,2181.75,25-48 Months,$60-$89,72.725,5,0,1,0,No,0.17666666666666667,No,Low Risk
1166-PQLGG,Female,0,Yes,Yes,72,Yes,No,No,No internet service,No internet service,No internet service,No internet service,No internet service,No internet service,Two year,No,Bank transfer (automatic),19.55,1463.45,49+ Months,Below $30,20.325694444444444,1,0,1,0,No,0.006666666666666667,No,Low Risk
5296-BFCYD,Male,0,Yes,Yes,46,Yes,No,No,No internet service,No internet service,No internet service,No internet service,No internet service,No internet service,Two year,Yes,Mailed check,20.1,936.85,25-48 Months,Below $30,20.366304347826087,1,0,1,1,No,0.0,No,Low Risk
6568-POCUI,Female,0,Yes,No,45,Yes,No,Fiber optic,No,No,No,Yes,Yes,Yes,Two year,Yes,Credit card (automatic),95.2,4285.8,25-48 Months,$90+,95.24,4,1,1,1,No,0.11666666666666667,No,Low Risk
2839-RFSQE,Female,0,No,No,2,Yes,No,No,No internet service,No internet service,No internet service,No internet service,No internet service,No internet service,Month-to-month,No,Mailed check,20.65,38.7,0-6 Months,Below $30,19.35,1,0,0,0,Yes,0.2840833333333333,No,Low Risk
2188-SXWVT,Female,0,No,No,34,Yes,No,DSL,Yes,Yes,No,No,No,No,One year,No,Mailed check,55.0,1885.15,25-48 Months,$30-$59,55.44558823529412,3,1,1,0,No,0.016666666666666666,No,Low Risk
8849-GYOKR,Female,0,Yes,No,54,Yes,Yes,Fiber optic,Yes,Yes,No,No,Yes,Yes,One year,No,Bank transfer (automatic),106.55,5763.3,49+ Months,$90+,106.72777777777776,6,1,1,0,Yes,0.32,No,Low Risk
3623-FQBOX,Male,0,No,No,21,Yes,No,No,No internet service,No internet service,No internet service,No internet service,No internet service,No internet service,Month-to-month,Yes,Mailed check,19.95,416.4,13-24 Months,Below $30,19.82857142857143,1,0,0,1,No,0.26,No,Low Risk
2649-HWLYB,Male,0,Yes,No,65,Yes,Yes,DSL,Yes,No,Yes,Yes,No,Yes,Two year,No,Bank transfer (automatic),76.15,4929.55,49+ Months,$60-$89,75.83923076923077,6,1,1,0,No,0.08,No,Low Risk
0599-XNYDO,Female,0,Yes,No,20,Yes,No,Fiber optic,No,No,No,No,No,No,Month-to-month,Yes,Bank transfer (automatic),69.8,1540.35,13-24 Months,$60-$89,77.0175,1,0,0,1,No,0.6833333333333333,Yes,Medium Risk
2514-GINMM,Male,0,No,No,1,Yes,No,Fiber optic,No,No,No,No,Yes,No,Month-to-month,Yes,Electronic check,79.5,79.5,0-6 Months,$60-$89,79.5,2,0,0,1,Yes,1.0,Yes,High Risk
8401-EMUWF,Male,0,Yes,Yes,42,Yes,Yes,DSL,Yes,Yes,No,No,Yes,No,Month-to-month,Yes,Bank transfer (automatic),69.4,3058.3,25-48 Months,$60-$89,72.81666666666668,5,1,0,1,No,0.08666666666666667,No,Low Risk
5766-ZJYBB,Male,0,No,No,1,Yes,No,No,No internet service,No internet service,No internet service,No internet service,No internet service,No internet service,Month-to-month,No,Mailed check,19.4,19.4,0-6 Months,Below $30,19.4,1,0,0,0,Yes,0.2927222222222222,No,Low Risk
2604-IJPDU,Female,0,Yes,No,20,Yes,No,Fiber optic,Yes,Yes,No,Yes,Yes,No,Month-to-month,Yes,Electronic check,96.55,1901.65,13-24 Months,$90+,95.0825,5,1,0,1,No,0.7266666666666667,Yes,High Risk
2501-XWWTZ,Male,0,No,No,11,Yes,No,Fiber optic,No,No,No,No,No,No,Month-to-month,No,Electronic check,70.2,760.05,7-12 Months,$60-$89,69.09545454545454,1,0,0,0,No,0.4166666666666667,Yes,Medium Risk
6370-ZVHDV,Female,0,Yes,No,61,Yes,Yes,No,No internet service,No internet service,No internet service,No internet service,No internet service,No internet service,Two year,No,Bank transfer (automatic),25.3,1554.9,49+ Months,Below $30,25.49016393442623,2,0,1,0,No,0.0,No,Low Risk
3027-YNWZU,Female,0,Yes,No,64,Yes,Yes,No,No internet service,No internet service,No internet service,No internet service,No internet service,No internet service,Two year,No,Credit card (automatic),25.0,1584.8,49+ Months,Below $30,24.7625,2,0,1,0,No,0.0033333333333333335,No,Low Risk
4526-ZJJTM,Female,1,Yes,No,25,Yes,No,Fiber optic,No,Yes,Yes,No,No,Yes,Month-to-month,No,Bank transfer (automatic),88.4,2191.15,25-48 Months,$60-$89,87.646,4,0,0,0,No,0.42333333333333334,Yes,Medium Risk
0440-QEXBZ,Female,0,No,No,44,Yes,Yes,DSL,No,No,No,No,No,No,Month-to-month,Yes,Mailed check,50.15,2139.1,25-48 Months,$30-$59,48.61590909090909,2,0,0,1,No,0.06333333333333334,No,Low Risk
0330-IVZHA,Female,0,Yes,No,5,Yes,No,Fiber optic,No,No,No,No,No,No,Month-to-month,No,Electronic check,69.95,330.15,0-6 Months,$60-$89,66.03,1,0,0,0,Yes,0.5733333333333334,Yes,Medium Risk
9758-MFWGD,Female,1,Yes,Yes,48,No,No phone service,DSL,No,Yes,No,No,No,No,One year,No,Bank transfer (automatic),29.9,1388.75,25-48 Months,Below $30,28.932291666666668,1,0,1,0,No,0.4033333333333333,Yes,Medium Risk
4229-CZMLL,Male,0,No,No,6,Yes,Yes,Fiber optic,No,No,No,No,No,No,Month-to-month,Yes,Electronic check,74.9,469.8,0-6 Months,$60-$89,78.3,2,0,0,1,Yes,0.8433333333333334,Yes,High Risk
0742-MOABM,Male,0,Yes,No,4,Yes,No,DSL,No,No,No,Yes,No,No,Month-to-month,No,Mailed check,50.05,179.35,0-6 Months,$30-$59,44.8375,2,1,0,0,Yes,0.45,Yes,Medium Risk
4277-BWBML,Male,0,Yes,Yes,72,Yes,No,No,No internet service,No internet service,No internet service,No internet service,No internet service,No internet service,Two year,No,Bank transfer (automatic),19.95,1322.85,49+ Months,Below $30,18.372916666666665,1,0,1,0,No,0.023333333333333334,No,Low Risk
5136-GFPMB,Male,0,No,No,54,Yes,Yes,Fiber optic,No,No,Yes,No,No,Yes,Month-to-month,No,Credit card (automatic),89.4,4869.5,49+ Months,$60-$89,90.17592592592592,4,0,0,0,No,0.5266666666666666,Yes,Medium Risk
7520-HQWJU,Female,0,Yes,Yes,66,Yes,Yes,DSL,Yes,Yes,Yes,No,No,No,Month-to-month,Yes,Bank transfer (automatic),67.45,4508.65,49+ Months,$60-$89,68.31287878787879,5,1,0,1,No,0.16,No,Low Risk
6304-IJFSQ,Male,0,No,No,3,Yes,No,DSL,No,Yes,No,No,No,No,Month-to-month,Yes,Mailed check,49.9,130.1,0-6 Months,$30-$59,43.36666666666667,2,0,0,1,Yes,0.5233333333333333,Yes,Medium Risk
0297-RBCSG,Male,0,No,No,19,Yes,No,DSL,No,Yes,No,Yes,No,Yes,One year,Yes,Bank transfer (automatic),65.35,1231.85,13-24 Months,$60-$89,64.83421052631579,4,1,1,1,No,0.4633333333333333,Yes,Medium Risk
6013-BHCAW,Male,0,Yes,Yes,61,Yes,Yes,DSL,No,No,Yes,Yes,Yes,Yes,Two year,Yes,Bank transfer (automatic),81.0,4976.15,49+ Months,$60-$89,81.57622950819672,6,1,1,1,No,0.03333333333333333,No,Low Risk
4402-FTBXC,Male,0,No,No,54,Yes,No,Fiber optic,Yes,No,Yes,No,Yes,No,Month-to-month,No,Mailed check,89.8,4667.0,49+ Months,$60-$89,86.42592592592592,4,1,0,0,No,0.39,No,Low Risk
1471-GIQKQ,Female,0,No,No,1,Yes,No,DSL,No,Yes,No,No,No,No,Month-to-month,No,Electronic check,49.95,49.95,0-6 Months,$30-$59,49.95,2,0,0,0,No,0.48333333333333334,Yes,Medium Risk
4283-FUTGF,Male,1,No,No,19,Yes,Yes,Fiber optic,No,No,Yes,No,No,No,Month-to-month,Yes,Electronic check,79.85,1471.75,13-24 Months,$60-$89,77.46052631578948,3,0,0,1,Yes,0.7166666666666667,Yes,High Risk
9548-LERKT,Male,0,Yes,No,24,Yes,No,No,No internet service,No internet service,No internet service,No internet service,No internet service,No internet service,Two year,No,Mailed check,19.75,483.15,13-24 Months,Below $30,20.13125,1,0,1,0,No,0.0,No,Low Risk
8059-UDZFY,Female,1,No,Yes,33,Yes,Yes,Fiber optic,No,Yes,Yes,No,Yes,Yes,Month-to-month,Yes,Bank transfer (automatic),105.35,3465.05,25-48 Months,$90+,105.00151515151516,6,0,0,1,No,0.6766666666666666,Yes,Medium Risk
0410-IPFTY,Female,0,Yes,No,31,Yes,No,Fiber optic,No,Yes,No,No,No,Yes,Month-to-month,Yes,Bank transfer (automatic),83.85,2674.15,25-48 Months,$60-$89,86.26290322580645,3,0,0,1,No,0.6233333333333333,Yes,Medium Risk
2478-EEWWM,Male,0,Yes,No,59,No,No phone service,DSL,No,No,No,No,Yes,Yes,Month-to-month,Yes,Electronic check,44.3,2666.75,49+ Months,$30-$59,45.19915254237288,2,0,0,1,No,0.7533333333333333,Yes,High Risk
4619-EVPHY,Female,1,Yes,No,20,Yes,No,Fiber optic,No,No,No,No,Yes,Yes,One year,Yes,Bank transfer (automatic),91.0,1859.5,13-24 Months,$90+,92.975,3,0,1,1,No,0.3233333333333333,No,Low Risk
2277-DJJDL,Male,1,Yes,No,60,Yes,Yes,Fiber optic,No,No,No,Yes,Yes,Yes,Month-to-month,Yes,Electronic check,99.0,6017.9,49+ Months,$90+,100.29833333333332,5,1,0,1,No,0.58,Yes,Medium Risk
2911-WDXMV,Male,0,No,Yes,18,Yes,Yes,Fiber optic,No,No,Yes,No,No,No,Month-to-month,Yes,Credit card (automatic),80.55,1406.65,13-24 Months,$60-$89,78.14722222222223,3,0,0,1,No,0.36,No,Low Risk
3639-XJHKQ,Female,0,No,Yes,19,Yes,No,DSL,Yes,Yes,Yes,No,No,No,Month-to-month,Yes,Electronic check,60.6,1297.8,13-24 Months,$60-$89,68.30526315789473,4,1,0,1,No,0.4166666666666667,Yes,Medium Risk
8173-RXAYP,Female,0,Yes,Yes,24,Yes,No,No,No internet service,No internet service,No internet service,No internet service,No internet service,No internet service,Two year,No,Mailed check,19.7,452.55,13-24 Months,Below $30,18.85625,1,0,1,0,No,0.0,No,Low Risk
4537-CIBHB,Female,0,Yes,Yes,9,Yes,No,No,No internet service,No internet service,No internet service,No internet service,No internet service,No internet service,One year,No,Mailed check,20.25,172.35,7-12 Months,Below $30,19.15,1,0,1,0,No,0.12666666666666668,No,Low Risk
5442-BXVND,Female,0,Yes,Yes,33,Yes,Yes,No,No internet service,No internet service,No internet service,No internet service,No internet service,No internet service,Month-to-month,No,Bank transfer (automatic),24.25,838.5,25-48 Months,Below $30,25.40909090909091,2,0,0,0,No,0.19,No,Low Risk
2308-STERM,Female,0,No,No,2,Yes,No,No,No internet service,No internet service,No internet service,No internet service,No internet service,No internet service,Month-to-month,No,Mailed check,19.4,61.05,0-6 Months,Below $30,30.525,1,0,0,0,No,0.2122222222222222,No,Low Risk
7159-NOKYQ,Male,0,Yes,No,67,Yes,Yes,Fiber optic,No,Yes,Yes,No,No,Yes,Two year,Yes,Electronic check,93.15,6368.2,49+ Months,$90+,95.04776119402985,5,0,1,1,No,0.15666666666666668,No,Low Risk
6075-QMNRR,Female,0,No,No,52,Yes,No,DSL,Yes,No,No,No,No,No,Month-to-month,Yes,Bank transfer (automatic),49.75,2535.55,49+ Months,$30-$59,48.760576923076925,2,1,0,1,No,0.17666666666666667,No,Low Risk
3694-GLTJM,Female,0,No,No,5,Yes,No,No,No internet service,No internet service,No internet service,No internet service,No internet service,No internet service,Month-to-month,Yes,Credit card (automatic),19.65,92.05,0-6 Months,Below $30,18.41,1,0,0,1,No,0.11,No,Low Risk
9629-NHXFW,Female,0,Yes,Yes,1,Yes,No,No,No internet service,No internet service,No internet service,No internet service,No internet service,No internet service,Month-to-month,Yes,Mailed check,19.4,19.4,0-6 Months,Below $30,19.4,1,0,0,1,No,0.6,Yes,Medium Risk
7167-PCEYD,Male,0,No,No,67,Yes,No,No,No internet service,No internet service,No internet service,No internet service,No internet service,No internet service,Two year,Yes,Mailed check,19.8,1311.3,49+ Months,Below $30,19.571641791044776,1,0,1,1,No,0.023333333333333334,No,Low Risk
2748-MYRVK,Female,0,No,No,63,Yes,Yes,Fiber optic,No,Yes,No,No,Yes,Yes,One year,No,Bank transfer (automatic),99.9,6137.0,49+ Months,$90+,97.41269841269842,5,0,1,0,Yes,0.17,No,Low Risk
4223-WOZCM,Male,1,No,No,2,Yes,No,DSL,No,No,Yes,No,No,No,Month-to-month,No,Mailed check,49.95,107.1,0-6 Months,$30-$59,53.55,2,0,0,0,No,0.7433333333333333,Yes,High Risk
6946-LMSQS,Male,1,Yes,No,25,Yes,Yes,Fiber optic,Yes,No,No,No,No,Yes,One year,Yes,Electronic check,89.05,2177.45,25-48 Months,$60-$89,87.098,4,1,1,1,Yes,0.26666666666666666,No,Low Risk
5469-NUJUR,Male,0,No,No,19,Yes,No,No,No internet service,No internet service,No internet service,No internet service,No internet service,No internet service,Two year,Yes,Mailed check,19.95,373.5,13-24 Months,Below $30,19.657894736842103,1,0,1,1,No,0.006666666666666667,No,Low Risk
6388-TABGU,Male,0,No,Yes,62,Yes,No,DSL,Yes,Yes,No,No,No,No,One year,No,Bank transfer (automatic),56.15,3487.95,49+ Months,$30-$59,56.25725806451613,3,1,1,0,No,0.05,No,Low Risk
1261-FWTTE,Male,1,No,No,23,No,No phone service,DSL,No,No,No,No,No,Yes,Month-to-month,Yes,Bank transfer (automatic),34.65,768.45,13-24 Months,$30-$59,33.4108695652174,1,0,0,1,No,0.6466666666666666,Yes,Medium Risk
8590-YFFQO,Male,0,Yes,No,70,Yes,No,DSL,Yes,Yes,Yes,Yes,No,No,Two year,No,Credit card (automatic),64.95,4523.25,49+ Months,$60-$89,64.61785714285715,5,1,1,0,No,0.09333333333333334,No,Low Risk
0082-OQIQY,Male,0,No,No,29,Yes,No,Fiber optic,No,No,No,Yes,Yes,Yes,Month-to-month,Yes,Electronic check,94.2,2607.6,25-48 Months,$90+,89.91724137931034,4,1,0,1,No,0.56,Yes,Medium Risk
9465-RWMXL,Male,0,Yes,No,32,Yes,Yes,Fiber optic,No,No,Yes,No,No,No,Month-to-month,Yes,Electronic check,78.9,2447.95,25-48 Months,$60-$89,76.4984375,3,0,0,1,Yes,0.56,Yes,Medium Risk
2930-UOTMB,Female,0,No,No,31,Yes,Yes,DSL,Yes,No,Yes,Yes,No,No,Month-to-month,No,Credit card (automatic),65.25,1994.3,25-48 Months,$60-$89,64.33225806451613,5,1,0,0,Yes,0.11666666666666667,No,Low Risk
9128-CPXKI,Female,0,No,No,59,Yes,No,Fiber optic,No,No,Yes,No,Yes,Yes,Two year,No,Electronic check,95.8,5655.45,49+ Months,$90+,95.85508474576272,4,0,1,0,No,0.47,Yes,Medium Risk
0484-FFVBJ,Male,0,No,No,32,Yes,No,DSL,No,No,No,No,Yes,Yes,One year,Yes,Bank transfer (automatic),64.85,2010.95,25-48 Months,$60-$89,62.8421875,3,0,1,1,No,0.28,No,Low Risk
1100-DDVRV,Male,0,Yes,No,17,No,No phone service,DSL,No,Yes,No,No,Yes,Yes,Month-to-month,Yes,Mailed check,49.8,836.35,13-24 Months,$30-$59,49.19705882352941,3,0,0,1,No,0.52,Yes,Medium Risk
9313-QOLTZ,Male,0,No,No,26,Yes,No,No,No internet service,No internet service,No internet service,No internet service,No internet service,No internet service,Month-to-month,No,Mailed check,20.9,518.3,25-48 Months,Below $30,19.934615384615384,1,0,0,0,No,0.02,No,Low Risk
3338-CVVEH,Male,0,No,No,12,Yes,Yes,Fiber optic,No,No,No,No,Yes,Yes,Month-to-month,No,Electronic check,94.55,1173.55,7-12 Months,$90+,97.79583333333332,4,0,0,0,No,0.7366666666666667,Yes,High Risk
1131-SUEKT,Male,0,Yes,Yes,61,Yes,No,Fiber optic,No,Yes,No,Yes,Yes,Yes,One year,Yes,Bank transfer (automatic),98.45,6145.2,49+ Months,$90+,100.74098360655738,5,1,1,1,No,0.21333333333333335,No,Low Risk
7602-DBTOU,Female,0,Yes,No,71,Yes,No,No,No internet service,No internet service,No internet service,No internet service,No internet service,No internet service,Two year,No,Mailed check,19.6,1416.5,49+ Months,Below $30,19.950704225352112,1,0,1,0,No,0.006666666666666667,No,Low Risk
1385-TQOZW,Female,0,No,No,9,Yes,No,No,No internet service,No internet service,No internet service,No internet service,No internet service,No internet service,Month-to-month,Yes,Credit card (automatic),20.45,147.55,7-12 Months,Below $30,16.394444444444446,1,0,0,1,No,0.07333333333333333,No,Low Risk
6892-XPFPU,Male,1,Yes,No,24,Yes,Yes,Fiber optic,No,Yes,Yes,No,Yes,Yes,Month-to-month,Yes,Electronic check,104.25,2433.9,13-24 Months,$90+,101.4125,6,0,0,1,Yes,0.6966666666666667,Yes,Medium Risk
4115-NZRKS,Female,1,No,No,7,Yes,No,Fiber optic,No,No,No,No,Yes,Yes,Month-to-month,Yes,Electronic check,89.15,574.35,7-12 Months,$60-$89,82.05,3,0,0,1,No,0.7366666666666667,Yes,High Risk
5514-YQENT,Male,0,No,Yes,41,Yes,No,Fiber optic,Yes,Yes,Yes,Yes,Yes,Yes,Two year,Yes,Electronic check,111.15,4507.15,25-48 Months,$90+,109.93048780487804,7,1,1,1,No,0.18,No,Low Risk
6319-IEJWJ,Male,0,Yes,Yes,20,Yes,No,Fiber optic,No,No,No,No,Yes,Yes,Month-to-month,Yes,Electronic check,90.2,1776.55,13-24 Months,$90+,88.8275,3,0,0,1,Yes,0.7566666666666667,Yes,High Risk
8849-AYPTR,Male,0,Yes,No,33,Yes,No,Fiber optic,No,No,No,No,Yes,Yes,Month-to-month,No,Electronic check,91.25,2964.05,25-48 Months,$90+,89.81969696969698,3,0,0,0,No,0.30333333333333334,No,Low Risk
5893-PYOLZ,Male,0,No,No,56,Yes,No,DSL,No,Yes,Yes,Yes,Yes,Yes,Two year,Yes,Credit card (automatic),81.8,4534.45,49+ Months,$60-$89,80.97232142857142,6,1,1,1,No,0.013333333333333334,No,Low Risk
7180-PISOG,Male,0,Yes,Yes,1,Yes,Yes,Fiber optic,No,No,No,No,No,No,Month-to-month,Yes,Electronic check,74.5,74.5,0-6 Months,$60-$89,74.5,2,0,0,1,Yes,0.97,Yes,High Risk
8443-ZRDBZ,Male,0,No,No,4,Yes,Yes,Fiber optic,No,No,No,No,No,No,Month-to-month,Yes,Electronic check,76.05,318.9,0-6 Months,$60-$89,79.725,2,0,0,1,Yes,0.9266666666666666,Yes,High Risk
9079-YEXQJ,Female,0,No,No,54,Yes,Yes,Fiber optic,No,Yes,Yes,Yes,Yes,Yes,Month-to-month,No,Electronic check,111.1,6014.85,49+ Months,$90+,111.38611111111112,7,1,0,0,Yes,0.30333333333333334,No,Low Risk
3780-YVMFA,Female,0,Yes,Yes,8,Yes,No,DSL,No,No,No,Yes,Yes,Yes,Month-to-month,Yes,Electronic check,68.55,564.35,7-12 Months,$60-$89,70.54375,4,1,0,1,No,0.62,Yes,Medium Risk
6968-MHOMU,Male,0,Yes,No,58,No,No phone service,DSL,No,No,No,No,Yes,Yes,One year,Yes,Credit card (automatic),45.0,2689.35,49+ Months,$30-$59,46.36810344827586,2,0,1,1,No,0.45,Yes,Medium Risk
0899-LIIBW,Male,0,Yes,No,34,Yes,Yes,Fiber optic,No,No,Yes,No,Yes,Yes,Month-to-month,No,Electronic check,100.85,3527.3,25-48 Months,$90+,103.74411764705884,5,0,0,0,No,0.49,Yes,Medium Risk
3677-IYRBF,Female,1,No,No,2,No,No phone service,DSL,No,No,Yes,No,No,No,Month-to-month,Yes,Electronic check,30.4,78.65,0-6 Months,$30-$59,39.325,1,0,0,1,Yes,0.8066666666666666,Yes,High Risk
8393-DLHGA,Male,0,No,Yes,25,Yes,No,Fiber optic,No,Yes,No,No,Yes,Yes,Month-to-month,Yes,Electronic check,95.9,2448.75,25-48 Months,$90+,97.95,4,0,0,1,Yes,0.5133333333333333,Yes,Medium Risk
7691-XVTZH,Female,0,Yes,No,68,Yes,Yes,Fiber optic,No,No,Yes,No,Yes,No,Two year,Yes,Bank transfer (automatic),89.95,5974.3,49+ Months,$60-$89,87.85735294117647,4,0,1,1,No,0.20666666666666667,No,Low Risk
5360-LJCNJ,Female,0,Yes,No,71,Yes,Yes,Fiber optic,No,Yes,Yes,No,Yes,Yes,Two year,Yes,Bank transfer (automatic),105.15,7555.0,49+ Months,$90+,106.40845070422536,6,0,1,1,No,0.3333333333333333,No,Low Risk
3891-PUQOD,Female,0,No,Yes,1,Yes,No,DSL,No,No,Yes,No,No,Yes,Month-to-month,No,Electronic check,59.2,59.2,0-6 Months,$30-$59,59.2,3,0,0,0,Yes,0.6633333333333333,Yes,Medium Risk
0952-KMEEH,Male,0,No,No,13,Yes,Yes,Fiber optic,Yes,No,No,No,Yes,Yes,Month-to-month,No,Mailed check,98.15,1230.25,13-24 Months,$90+,94.6346153846154,5,1,0,0,Yes,0.6633333333333333,Yes,Medium Risk
4919-IKATY,Male,0,Yes,Yes,5,Yes,Yes,Fiber optic,Yes,No,Yes,No,No,No,Month-to-month,Yes,Electronic check,84.5,453.75,0-6 Months,$60-$89,90.75,4,1,0,1,Yes,0.5633333333333334,Yes,Medium Risk
9746-UGFAC,Female,0,No,No,22,Yes,No,No,No internet service,No internet service,No internet service,No internet service,No internet service,No internet service,One year,No,Bank transfer (automatic),20.85,450.65,13-24 Months,Below $30,20.48409090909091,1,0,1,0,No,0.07,No,Low Risk
9108-EQPNQ,Female,0,Yes,Yes,10,Yes,Yes,No,No internet service,No internet service,No internet service,No internet service,No internet service,No internet service,Two year,No,Credit card (automatic),26.1,225.55,7-12 Months,Below $30,22.555,2,0,1,0,No,0.02666666666666667,No,Low Risk
0531-ZZJWQ,Male,1,Yes,No,55,Yes,Yes,Fiber optic,No,No,No,No,No,No,Month-to-month,Yes,Electronic check,74.0,4052.4,49+ Months,$60-$89,73.68,2,0,0,1,No,0.48,Yes,Medium Risk
8763-KIAFH,Female,0,Yes,Yes,27,Yes,No,No,No internet service,No internet service,No internet service,No internet service,No internet service,No internet service,One year,Yes,Mailed check,20.55,583.3,25-48 Months,Below $30,21.6037037037037,1,0,1,1,No,0.023333333333333334,No,Low Risk
5863-OOKCL,Female,0,No,No,10,Yes,No,No,No internet service,No internet service,No internet service,No internet service,No internet service,No internet service,Month-to-month,No,Mailed check,18.85,163.2,7-12 Months,Below $30,16.32,1,0,0,0,No,0.09,No,Low Risk
2958-NHPPS,Male,0,No,No,23,Yes,No,No,No internet service,No internet service,No internet service,No internet service,No internet service,No internet service,Month-to-month,No,Electronic check,20.85,473.9,13-24 Months,Below $30,20.604347826086958,1,0,0,0,No,0.09333333333333334,No,Low Risk
9530-GRMJG,Male,0,Yes,Yes,70,Yes,Yes,DSL,No,Yes,Yes,Yes,Yes,Yes,Two year,Yes,Electronic check,84.1,5979.7,49+ Months,$60-$89,85.42428571428572,7,1,1,1,No,0.016666666666666666,No,Low Risk
1809-DMJHQ,Female,0,No,Yes,5,Yes,No,DSL,No,No,No,No,No,No,Month-to-month,No,Mailed check,46.0,221.7,0-6 Months,$30-$59,44.34,1,0,0,0,Yes,0.44666666666666666,Yes,Medium Risk
0164-XAIRP,Female,0,No,No,24,Yes,No,No,No internet service,No internet service,No internet service,No internet service,No internet service,No internet service,Two year,Yes,Bank transfer (automatic),19.55,470.2,13-24 Months,Below $30,19.591666666666665,1,0,1,1,No,0.02,No,Low Risk
2926-JEJJC,Female,0,No,No,8,Yes,No,No,No internet service,No internet service,No internet service,No internet service,No internet service,No internet service,One year,Yes,Bank transfer (automatic),20.2,140.95,7-12 Months,Below $30,17.61875,1,0,1,1,No,0.16666666666666666,No,Low Risk
1169-WCVAK,Male,0,Yes,No,19,Yes,Yes,Fiber optic,Yes,Yes,No,Yes,No,No,Month-to-month,Yes,Credit card (automatic),88.8,1672.35,13-24 Months,$60-$89,88.01842105263158,5,1,0,1,No,0.31,No,Low Risk
1217-VASWC,Male,1,Yes,No,43,Yes,No,Fiber optic,No,Yes,Yes,No,Yes,Yes,One year,Yes,Bank transfer (automatic),100.55,4304.0,25-48 Months,$90+,100.09302325581396,5,0,1,1,No,0.31,No,Low Risk
2452-KDRRH,Male,1,No,No,67,Yes,Yes,Fiber optic,No,No,Yes,No,Yes,Yes,Month-to-month,Yes,Credit card (automatic),101.4,6841.05,49+ Months,$90+,102.10522388059702,5,0,0,1,No,0.6266666666666667,Yes,Medium Risk
6402-EJMWF,Male,0,No,No,4,Yes,No,DSL,No,No,No,No,No,Yes,Month-to-month,Yes,Mailed check,55.3,238.5,0-6 Months,$30-$59,59.625,2,0,0,1,No,0.5433333333333333,Yes,Medium Risk
7663-CUXZB,Male,0,Yes,No,59,Yes,Yes,Fiber optic,Yes,Yes,Yes,Yes,Yes,Yes,Two year,No,Electronic check,113.75,6561.25,49+ Months,$90+,111.20762711864408,8,1,1,0,No,0.21333333333333335,No,Low Risk
4312-KFRXN,Male,0,Yes,No,72,Yes,Yes,No,No internet service,No internet service,No internet service,No internet service,No internet service,No internet service,Two year,No,Mailed check,25.4,1710.9,49+ Months,Below $30,23.762500000000003,2,0,1,0,No,0.02,No,Low Risk
3011-WQKSZ,Male,0,No,Yes,19,Yes,No,No,No internet service,No internet service,No internet service,No internet service,No internet service,No internet service,Month-to-month,Yes,Electronic check,20.0,377.55,13-24 Months,Below $30,19.871052631578948,1,0,0,1,No,0.58,Yes,Medium Risk
9747-DDZOS,Female,0,No,No,1,Yes,No,Fiber optic,No,No,Yes,No,No,No,Month-to-month,No,Bank transfer (automatic),73.5,73.5,0-6 Months,$60-$89,73.5,2,0,0,0,Yes,0.6834365079365079,Yes,Medium Risk
2091-MJTFX,Female,0,Yes,Yes,30,No,No phone service,DSL,No,No,No,Yes,Yes,Yes,Month-to-month,No,Credit card (automatic),51.2,1561.5,25-48 Months,$30-$59,52.05,3,1,0,0,Yes,0.23666666666666666,No,Low Risk
0388-EOPEX,Female,0,Yes,No,2,Yes,No,Fiber optic,Yes,No,No,No,No,No,Month-to-month,Yes,Electronic check,74.4,139.4,0-6 Months,$60-$89,69.7,2,1,0,1,Yes,0.6566666666666666,Yes,Medium Risk
3161-ONRWK,Male,0,Yes,Yes,60,Yes,No,DSL,Yes,Yes,Yes,Yes,No,No,One year,Yes,Bank transfer (automatic),65.85,3928.3,49+ Months,$60-$89,65.47166666666666,5,1,1,1,No,0.03,No,Low Risk
2587-EKXTS,Male,0,No,No,44,Yes,Yes,Fiber optic,Yes,Yes,Yes,No,Yes,Yes,Month-to-month,Yes,Electronic check,111.5,4915.15,25-48 Months,$90+,111.70795454545454,7,1,0,1,No,0.38333333333333336,No,Low Risk
9752-ZNQUT,Female,0,No,No,1,Yes,No,DSL,No,Yes,No,No,No,No,Month-to-month,Yes,Electronic check,48.6,48.6,0-6 Months,$30-$59,48.6,2,0,0,1,No,0.5866666666666667,Yes,Medium Risk
9572-WUKSB,Male,0,Yes,No,3,No,No phone service,DSL,No,No,No,Yes,No,No,Month-to-month,Yes,Electronic check,29.9,92.25,0-6 Months,Below $30,30.75,1,1,0,1,No,0.43,Yes,Medium Risk
3836-FZSDJ,Male,1,Yes,No,71,Yes,Yes,No,No internet service,No internet service,No internet service,No internet service,No internet service,No internet service,Two year,No,Bank transfer (automatic),24.85,1901.0,49+ Months,Below $30,26.774647887323944,2,0,1,0,No,0.0033333333333333335,No,Low Risk
8805-JNRAZ,Female,0,No,No,2,Yes,No,DSL,No,Yes,No,No,No,No,Month-to-month,No,Mailed check,49.2,103.7,0-6 Months,$30-$59,51.85,2,0,0,0,No,0.4,Yes,Low Risk
3069-SSVSN,Female,0,No,No,1,No,No phone service,DSL,No,No,No,No,No,No,One year,No,Mailed check,25.85,25.85,0-6 Months,Below $30,25.85,0,0,1,0,No,0.5,Yes,Medium Risk
8015-IHCGW,Female,0,Yes,Yes,72,Yes,Yes,Fiber optic,Yes,Yes,Yes,Yes,Yes,Yes,Two year,Yes,Electronic check,115.5,8425.15,49+ Months,$90+,117.01597222222222,8,1,1,1,No,0.0033333333333333335,No,Low Risk
8132-YPVBX,Female,0,No,No,6,Yes,No,Fiber optic,No,Yes,No,No,No,Yes,Month-to-month,Yes,Mailed check,85.95,514.6,0-6 Months,$60-$89,85.76666666666667,3,0,0,1,No,0.7133333333333334,Yes,High Risk
0235-KGSLC,Female,0,No,No,1,Yes,No,Fiber optic,No,No,Yes,No,Yes,No,Month-to-month,Yes,Credit card (automatic),85.55,85.55,0-6 Months,$60-$89,85.55,3,0,0,1,Yes,0.83,Yes,High Risk
1302-UHBDD,Male,1,No,No,20,Yes,No,Fiber optic,No,No,No,No,Yes,Yes,Month-to-month,No,Electronic check,89.95,1648.45,13-24 Months,$60-$89,82.4225,3,0,0,0,No,0.45666666666666667,Yes,Medium Risk
3722-WPXTK,Male,0,No,No,1,Yes,No,Fiber optic,No,No,No,No,Yes,Yes,Month-to-month,Yes,Electronic check,88.35,88.35,0-6 Months,$60-$89,88.35,3,0,0,1,Yes,0.9566666666666667,Yes,High Risk
7531-GQHME,Male,0,No,No,12,Yes,No,No,No internet service,No internet service,No internet service,No internet service,No internet service,No internet service,Month-to-month,No,Credit card (automatic),20.05,265.45,7-12 Months,Below $30,22.120833333333334,1,0,0,0,No,0.19333333333333333,No,Low Risk
1335-NTIUC,Male,0,No,No,9,No,No phone service,DSL,No,No,No,No,No,No,Month-to-month,Yes,Electronic check,24.95,190.25,7-12 Months,Below $30,21.13888888888889,0,0,0,1,No,0.5633333333333334,Yes,Medium Risk
9367-TCUYN,Female,0,No,No,12,Yes,No,No,No internet service,No internet service,No internet service,No internet service,No internet service,No internet service,Month-to-month,No,Mailed check,20.1,223.6,7-12 Months,Below $30,18.633333333333333,1,0,0,0,No,0.09,No,Low Risk
1536-HBSWP,Female,0,No,No,1,Yes,No,DSL,No,No,No,Yes,No,No,Month-to-month,Yes,Electronic check,49.9,49.9,0-6 Months,$30-$59,49.9,2,1,0,1,No,0.6933333333333334,Yes,Medium Risk
8573-JGCZW,Male,0,No,No,17,Yes,No,No,No internet service,No internet service,No internet service,No internet service,No internet service,No internet service,One year,Yes,Bank transfer (automatic),19.65,351.55,13-24 Months,Below $30,20.679411764705883,1,0,1,1,No,0.03333333333333333,No,Low Risk
2694-CIUMO,Female,0,No,No,12,Yes,Yes,Fiber optic,No,No,No,Yes,No,No,Month-to-month,Yes,Credit card (automatic),79.55,958.25,7-12 Months,$60-$89,79.85416666666667,3,1,0,1,No,0.6066666666666667,Yes,Medium Risk
2027-FECZV,Male,0,No,No,12,Yes,Yes,Fiber optic,No,Yes,Yes,No,Yes,Yes,Month-to-month,Yes,Electronic check,106.7,1253.9,7-12 Months,$90+,104.49166666666667,6,0,0,1,Yes,0.8666666666666667,Yes,High Risk
9103-TCIHJ,Female,0,No,No,15,Yes,Yes,DSL,Yes,No,No,No,No,No,Month-to-month,Yes,Mailed check,55.7,899.8,13-24 Months,$30-$59,59.986666666666665,3,1,0,1,Yes,0.2833333333333333,No,Low Risk
1545-JFUML,Male,0,Yes,No,71,Yes,Yes,Fiber optic,Yes,Yes,Yes,No,Yes,No,Two year,Yes,Electronic check,99.0,6994.6,49+ Months,$90+,98.51549295774647,6,1,1,1,No,0.05333333333333334,No,Low Risk
0524-IAVZO,Female,0,Yes,No,30,Yes,Yes,Fiber optic,No,No,No,No,No,Yes,Month-to-month,Yes,Electronic check,85.0,2624.25,25-48 Months,$60-$89,87.475,3,0,0,1,Yes,0.6033333333333334,Yes,Medium Risk
5519-TEEUH,Male,0,No,Yes,33,Yes,No,No,No internet service,No internet service,No internet service,No internet service,No internet service,No internet service,One year,Yes,Mailed check,20.15,682.15,25-48 Months,Below $30,20.67121212121212,1,0,1,1,No,0.006666666666666667,No,Low Risk
6654-QGBZZ,Female,0,No,No,1,Yes,No,No,No internet service,No internet service,No internet service,No internet service,No internet service,No internet service,Month-to-month,No,Mailed check,19.9,19.9,0-6 Months,Below $30,19.9,1,0,0,0,No,0.6808452380952378,Yes,Medium Risk
2294-DMMUS,Female,0,Yes,Yes,62,Yes,Yes,DSL,No,No,No,No,Yes,Yes,Month-to-month,Yes,Credit card (automatic),70.45,4300.45,49+ Months,$60-$89,69.36209677419355,4,0,0,1,No,0.2,No,Low Risk
0017-IUDMW,Female,0,Yes,Yes,72,Yes,Yes,Fiber optic,Yes,Yes,Yes,Yes,Yes,Yes,Two year,Yes,Credit card (automatic),116.8,8456.75,49+ Months,$90+,117.45486111111111,8,1,1,1,No,0.0,No,Low Risk
5018-LXQQG,Female,0,Yes,Yes,30,Yes,No,DSL,Yes,No,No,Yes,No,Yes,Month-to-month,No,Bank transfer (automatic),66.3,1923.5,25-48 Months,$60-$89,64.11666666666666,4,1,0,0,No,0.12333333333333334,No,Low Risk
5808-TOTXO,Female,0,No,Yes,3,Yes,No,No,No internet service,No internet service,No internet service,No internet service,No internet service,No internet service,One year,Yes,Credit card (automatic),20.55,57.4,0-6 Months,Below $30,19.133333333333333,1,0,1,1,No,0.06333333333333334,No,Low Risk
1174-FGIFN,Female,0,Yes,Yes,28,Yes,Yes,Fiber optic,No,No,No,Yes,No,Yes,One year,Yes,Electronic check,90.45,2509.25,25-48 Months,$90+,89.61607142857143,4,1,1,1,No,0.3433333333333333,No,Low Risk
0730-KOAVE,Male,0,No,No,30,Yes,Yes,Fiber optic,Yes,Yes,No,No,No,Yes,Month-to-month,Yes,Credit card (automatic),94.3,2679.7,25-48 Months,$90+,89.32333333333332,5,1,0,1,No,0.7233333333333334,Yes,High Risk
1218-VKFPE,Female,0,Yes,Yes,12,Yes,No,No,No internet service,No internet service,No internet service,No internet service,No internet service,No internet service,Month-to-month,No,Mailed check,19.0,233.55,7-12 Months,Below $30,19.4625,1,0,0,0,Yes,0.14666666666666667,No,Low Risk
5313-FPXWG,Male,0,No,No,51,Yes,Yes,No,No internet service,No internet service,No internet service,No internet service,No internet service,No internet service,One year,Yes,Bank transfer (automatic),24.6,1266.4,49+ Months,Below $30,24.83137254901961,2,0,1,1,No,0.09666666666666666,No,Low Risk
2834-JKOOW,Female,0,No,No,15,No,No phone service,DSL,Yes,Yes,Yes,Yes,No,No,One year,No,Mailed check,45.9,693.45,13-24 Months,$30-$59,46.23,4,1,1,0,No,0.04,No,Low Risk
9430-NKQLY,Male,0,Yes,Yes,72,Yes,Yes,No,No internet service,No internet service,No internet service,No internet service,No internet service,No internet service,Two year,Yes,Credit card (automatic),25.1,1790.8,49+ Months,Below $30,24.87222222222222,2,0,1,1,No,0.01,No,Low Risk
0363-QJVFX,Male,0,No,No,32,Yes,Yes,Fiber optic,Yes,Yes,No,Yes,Yes,Yes,Month-to-month,Yes,Credit card (automatic),108.15,3432.9,25-48 Months,$90+,107.278125,7,1,0,1,Yes,0.3233333333333333,No,Low Risk
1658-TJVOA,Female,1,No,No,6,Yes,No,Fiber optic,Yes,No,No,No,No,No,Month-to-month,Yes,Electronic check,74.1,450.9,0-6 Months,$60-$89,75.14999999999999,2,1,0,1,No,0.6966666666666667,Yes,Medium Risk
6685-GBWJZ,Male,0,Yes,No,63,Yes,No,DSL,Yes,Yes,No,Yes,Yes,No,One year,No,Credit card (automatic),70.8,4448.8,49+ Months,$60-$89,70.61587301587302,5,1,1,0,No,0.06666666666666667,No,Low Risk
6328-ZPBGN,Female,1,No,No,11,Yes,Yes,Fiber optic,No,No,No,No,Yes,Yes,Month-to-month,Yes,Bank transfer (automatic),95.15,997.65,7-12 Months,$90+,90.69545454545454,4,0,0,1,Yes,0.9566666666666667,Yes,High Risk
4003-FUSHP,Male,0,No,No,19,Yes,No,DSL,No,No,No,Yes,Yes,No,Month-to-month,Yes,Credit card (automatic),61.55,1093.2,13-24 Months,$60-$89,57.53684210526316,3,1,0,1,No,0.4266666666666667,Yes,Medium Risk
7690-KPNCU,Male,0,Yes,Yes,64,Yes,No,DSL,Yes,No,Yes,No,Yes,Yes,One year,Yes,Credit card (automatic),73.05,4688.65,49+ Months,$60-$89,73.26015625,5,1,1,1,No,0.19,No,Low Risk
2969-WGHQO,Female,0,Yes,Yes,7,Yes,No,DSL,Yes,Yes,Yes,No,Yes,No,One year,No,Electronic check,69.45,477.05,7-12 Months,$60-$89,68.15,5,1,1,0,No,0.15333333333333332,No,Low Risk
1855-CFULU,Female,1,No,No,4,Yes,No,No,No internet service,No internet service,No internet service,No internet service,No internet service,No internet service,Month-to-month,No,Mailed check,20.05,91.45,0-6 Months,Below $30,22.8625,1,0,0,0,No,0.24,No,Low Risk
9788-YTFGE,Male,0,No,No,7,Yes,No,No,No internet service,No internet service,No internet service,No internet service,No internet service,No internet service,Month-to-month,Yes,Mailed check,19.95,147.5,7-12 Months,Below $30,21.071428571428573,1,0,0,1,No,0.09,No,Low Risk
8266-VBFQL,Male,0,No,No,4,Yes,No,Fiber optic,No,No,Yes,Yes,No,Yes,Month-to-month,Yes,Electronic check,90.4,356.65,0-6 Months,$90+,89.1625,4,1,0,1,No,0.82,Yes,High Risk
2325-NBPZG,Female,0,No,No,3,Yes,No,Fiber optic,Yes,No,No,No,No,No,Month-to-month,Yes,Electronic check,74.55,233.65,0-6 Months,$60-$89,77.88333333333334,2,1,0,1,No,0.7566666666666667,Yes,High Risk
9906-NHHVC,Female,1,No,No,65,No,No phone service,DSL,No,Yes,Yes,No,Yes,Yes,Two year,Yes,Bank transfer (automatic),53.5,3517.9,49+ Months,$30-$59,54.121538461538464,4,0,1,1,No,0.2633333333333333,No,Low Risk
2541-YGPKE,Male,0,Yes,Yes,42,Yes,No,DSL,Yes,No,No,Yes,No,Yes,One year,No,Credit card (automatic),63.7,2763.35,25-48 Months,$60-$89,65.79404761904762,4,1,1,0,No,0.18,No,Low Risk
5049-MUBWG,Male,0,No,No,26,Yes,No,DSL,Yes,No,No,Yes,Yes,Yes,One year,No,Bank transfer (automatic),75.0,1908.35,25-48 Months,$60-$89,73.39807692307691,5,1,1,0,No,0.10666666666666667,No,Low Risk
2332-TODQS,Female,0,No,No,48,Yes,Yes,No,No internet service,No internet service,No internet service,No internet service,No internet service,No internet service,One year,No,Credit card (automatic),25.05,1171.5,25-48 Months,Below $30,24.40625,2,0,1,0,No,0.04,No,Low Risk
4419-UJMUS,Male,0,Yes,Yes,69,Yes,Yes,Fiber optic,No,No,No,Yes,Yes,Yes,Two year,Yes,Electronic check,99.35,6856.45,49+ Months,$90+,99.36884057971014,5,1,1,1,No,0.14,No,Low Risk
2233-TXSIU,Male,0,Yes,Yes,17,No,No phone service,DSL,Yes,No,Yes,No,Yes,No,One year,No,Credit card (automatic),44.45,792.15,13-24 Months,$30-$59,46.59705882352941,3,1,1,0,No,0.14666666666666667,No,Low Risk
6770-XUAGN,Female,0,Yes,Yes,1,Yes,No,No,No internet service,No internet service,No internet service,No internet service,No internet service,No internet service,Month-to-month,Yes,Electronic check,21.0,21.0,0-6 Months,Below $30,21.0,1,0,0,1,Yes,0.6133333333333333,Yes,Medium Risk
2919-HBCJO,Female,0,No,No,4,Yes,No,Fiber optic,No,Yes,No,No,No,No,Month-to-month,Yes,Bank transfer (automatic),76.65,333.6,0-6 Months,$60-$89,83.4,2,0,0,1,Yes,0.71,Yes,High Risk
9508-ILZDG,Female,1,No,No,34,Yes,Yes,Fiber optic,No,Yes,No,Yes,Yes,No,Month-to-month,Yes,Electronic check,96.35,3190.25,25-48 Months,$90+,93.83088235294116,5,1,0,1,No,0.6766666666666666,Yes,Medium Risk
5442-BHQNG,Female,0,No,No,2,Yes,No,Fiber optic,No,No,No,No,No,No,Month-to-month,No,Electronic check,70.35,139.25,0-6 Months,$60-$89,69.625,1,0,0,0,No,0.8916666666666667,Yes,High Risk
7250-EQKIY,Female,0,Yes,Yes,1,Yes,No,DSL,No,No,Yes,No,No,No,Month-to-month,No,Mailed check,50.45,50.45,0-6 Months,$30-$59,50.45,2,0,0,0,Yes,0.8066666666666666,Yes,High Risk
6838-HVLXG,Female,0,No,No,12,Yes,No,No,No internet service,No internet service,No internet service,No internet service,No internet service,No internet service,Month-to-month,No,Mailed check,20.3,246.7,7-12 Months,Below $30,20.558333333333334,1,0,0,0,No,0.08333333333333333,No,Low Risk
9767-FFLEM,Male,0,No,No,38,Yes,No,Fiber optic,No,No,No,No,No,No,Month-to-month,Yes,Credit card (automatic),69.5,2625.25,25-48 Months,$60-$89,69.08552631578948,1,0,0,1,No,0.38,No,Low Risk
2245-ADZFJ,Female,0,Yes,Yes,31,Yes,Yes,DSL,No,Yes,No,Yes,Yes,Yes,Two year,No,Bank transfer (automatic),80.55,2471.6,25-48 Months,$60-$89,79.7290322580645,6,1,1,0,No,0.04666666666666667,No,Low Risk
1150-WFARN,Female,0,Yes,Yes,67,Yes,Yes,Fiber optic,Yes,No,Yes,Yes,Yes,Yes,Two year,Yes,Credit card (automatic),108.75,7156.2,49+ Months,$90+,106.8089552238806,7,1,1,1,Yes,0.22,No,Low Risk
9054-FOWNV,Male,0,Yes,Yes,22,Yes,Yes,Fiber optic,No,No,Yes,No,Yes,No,Month-to-month,Yes,Electronic check,88.75,1885.15,13-24 Months,$60-$89,85.68863636363636,4,0,0,1,No,0.76,Yes,High Risk
7997-EASSD,Female,0,Yes,No,63,Yes,Yes,Fiber optic,No,No,No,Yes,No,No,One year,Yes,Credit card (automatic),81.2,4965.1,49+ Months,$60-$89,78.81111111111112,3,1,1,1,No,0.05,No,Low Risk
7560-QJAVJ,Female,0,No,No,70,Yes,No,DSL,Yes,No,Yes,Yes,Yes,Yes,Two year,No,Bank transfer (automatic),79.6,5589.45,49+ Months,$60-$89,79.84928571428571,6,1,1,0,No,0.02,No,Low Risk
2668-TZSPS,Male,0,No,No,1,Yes,No,No,No internet service,No internet service,No internet service,No internet service,No internet service,No internet service,Month-to-month,No,Mailed check,20.45,20.45,0-6 Months,Below $30,20.45,1,0,0,0,No,0.11066666666666668,No,Low Risk
9139-WQQDY,Female,0,Yes,Yes,49,Yes,Yes,Fiber optic,No,Yes,No,No,Yes,Yes,One year,No,Mailed check,100.45,4941.8,49+ Months,$90+,100.8530612244898,5,0,1,0,Yes,0.34,No,Low Risk
6726-NNFWD,Female,1,Yes,No,71,Yes,No,Fiber optic,No,Yes,Yes,No,No,Yes,Two year,No,Credit card (automatic),89.45,6435.25,49+ Months,$60-$89,90.63732394366195,4,0,1,0,No,0.14333333333333334,No,Low Risk
9330-DHBFL,Female,0,Yes,Yes,23,Yes,No,DSL,Yes,Yes,Yes,Yes,No,No,One year,Yes,Mailed check,66.25,1533.8,13-24 Months,$60-$89,66.68695652173913,5,1,1,1,No,0.06,No,Low Risk
5727-MYATE,Male,0,Yes,Yes,72,Yes,Yes,DSL,Yes,Yes,Yes,Yes,Yes,Yes,Two year,Yes,Credit card (automatic),90.8,6397.6,49+ Months,$90+,88.85555555555555,8,1,1,1,No,0.0,No,Low Risk
2824-DXNKN,Female,0,Yes,Yes,72,Yes,Yes,DSL,Yes,No,Yes,No,Yes,No,Two year,Yes,Bank transfer (automatic),71.45,5025.85,49+ Months,$60-$89,69.80347222222223,5,1,1,1,No,0.056666666666666664,No,Low Risk
6166-ILMNY,Female,0,No,No,2,Yes,No,Fiber optic,No,No,No,No,No,No,Month-to-month,No,Bank transfer (automatic),69.75,144.55,0-6 Months,$60-$89,72.275,1,0,0,0,Yes,0.8608333333333333,Yes,High Risk
5236-XMZJY,Female,0,No,No,42,Yes,No,DSL,Yes,Yes,Yes,No,No,No,Month-to-month,No,Bank transfer (automatic),59.65,2536.55,25-48 Months,$30-$59,60.394047619047626,4,1,0,0,No,0.27666666666666667,No,Low Risk
1709-EJDOX,Female,0,Yes,Yes,47,Yes,No,No,No internet service,No internet service,No internet service,No internet service,No internet service,No internet service,Two year,No,Mailed check,19.75,948.9,25-48 Months,Below $30,20.18936170212766,1,0,1,0,No,0.0,No,Low Risk
4962-CHQPW,Male,0,No,Yes,29,Yes,No,No,No internet service,No internet service,No internet service,No internet service,No internet service,No internet service,One year,No,Mailed check,19.85,535.05,25-48 Months,Below $30,18.45,1,0,1,0,No,0.0033333333333333335,No,Low Risk
0301-FIDRB,Female,0,Yes,Yes,72,No,No phone service,DSL,Yes,Yes,Yes,Yes,Yes,Yes,Two year,Yes,Bank transfer (automatic),63.8,4684.3,49+ Months,$60-$89,65.05972222222222,6,1,1,1,No,0.0,No,Low Risk
1820-TQVEV,Male,0,No,No,1,Yes,No,Fiber optic,No,No,No,No,No,No,Month-to-month,Yes,Electronic check,69.55,69.55,0-6 Months,$60-$89,69.55,1,0,0,1,Yes,0.9933333333333333,Yes,High Risk
9115-YQHGA,Male,0,No,No,40,Yes,No,DSL,No,No,No,Yes,No,No,Month-to-month,Yes,Electronic check,51.1,2092.9,25-48 Months,$30-$59,52.322500000000005,2,1,0,1,No,0.15333333333333332,No,Low Risk
1541-ETJZO,Male,0,No,No,1,Yes,Yes,DSL,No,No,Yes,Yes,No,No,Month-to-month,No,Mailed check,62.05,62.05,0-6 Months,$60-$89,62.05,4,1,0,0,Yes,0.48333333333333334,Yes,Medium Risk
6230-BSUXY,Female,1,No,No,1,Yes,No,Fiber optic,No,No,Yes,No,No,Yes,Month-to-month,Yes,Electronic check,85.0,85.0,0-6 Months,$60-$89,85.0,3,0,0,1,Yes,0.95,Yes,High Risk
6797-LNAQX,Male,0,Yes,Yes,70,Yes,Yes,Fiber optic,No,Yes,No,No,Yes,Yes,Two year,No,Bank transfer (automatic),98.3,6859.5,49+ Months,$90+,97.99285714285716,5,0,1,0,Yes,0.1,No,Low Risk
9588-YRFHY,Male,0,No,No,49,Yes,No,No,No internet service,No internet service,No internet service,No internet service,No internet service,No internet service,Two year,Yes,Credit card (automatic),19.9,1022.6,49+ Months,Below $30,20.869387755102043,1,0,1,1,No,0.016666666666666666,No,Low Risk
1092-GANHU,Male,0,No,No,17,Yes,No,Fiber optic,No,No,Yes,No,No,No,Month-to-month,Yes,Electronic check,76.65,1313.55,13-24 Months,$60-$89,77.26764705882353,2,0,0,1,Yes,0.48,Yes,Medium Risk
5951-AOFIH,Male,0,No,No,33,Yes,No,DSL,No,Yes,Yes,No,Yes,No,Month-to-month,Yes,Credit card (automatic),66.4,2245.4,25-48 Months,$60-$89,68.04242424242425,4,0,0,1,No,0.29,No,Low Risk
7029-RPUAV,Male,1,Yes,No,17,Yes,Yes,Fiber optic,No,No,Yes,No,Yes,Yes,Month-to-month,Yes,Credit card (automatic),100.45,1622.45,13-24 Months,$90+,95.43823529411765,5,0,0,1,Yes,0.8033333333333333,Yes,High Risk
4700-UBQMV,Male,0,Yes,Yes,21,Yes,Yes,DSL,Yes,No,No,No,Yes,Yes,One year,Yes,Bank transfer (automatic),75.9,1549.75,13-24 Months,$60-$89,73.79761904761905,5,1,1,1,No,0.12333333333333334,No,Low Risk
3594-UVONA,Female,0,No,No,35,Yes,Yes,DSL,Yes,No,Yes,Yes,Yes,Yes,One year,Yes,Credit card (automatic),85.95,3110.1,25-48 Months,$60-$89,88.86,7,1,1,1,Yes,0.09,No,Low Risk
7750-EYXWZ,Female,0,No,No,12,No,No phone service,DSL,No,Yes,Yes,Yes,Yes,Yes,One year,No,Electronic check,60.65,743.3,7-12 Months,$60-$89,61.94166666666666,5,1,1,0,No,0.18666666666666668,No,Low Risk
7054-ENNGU,Female,0,Yes,No,9,Yes,No,DSL,No,Yes,No,No,No,No,Month-to-month,No,Mailed check,50.85,466.6,7-12 Months,$30-$59,51.84444444444445,2,0,0,0,No,0.17666666666666667,No,Low Risk
0402-OAMEN,Female,0,Yes,Yes,72,Yes,Yes,No,No internet service,No internet service,No internet service,No internet service,No internet service,No internet service,Two year,No,Bank transfer (automatic),24.45,1709.1,49+ Months,Below $30,23.7375,2,0,1,0,No,0.0,No,Low Risk
2195-VVRJF,Male,1,Yes,No,18,Yes,No,DSL,Yes,No,No,No,No,Yes,Month-to-month,Yes,Credit card (automatic),59.1,1011.05,13-24 Months,$30-$59,56.16944444444445,3,1,0,1,No,0.35,No,Low Risk
8819-ZBYNA,Female,0,Yes,No,58,Yes,Yes,Fiber optic,Yes,Yes,No,Yes,Yes,Yes,Two year,Yes,Credit card (automatic),109.1,6393.65,49+ Months,$90+,110.2353448275862,7,1,1,1,No,0.38666666666666666,No,Low Risk
7748-UMTRK,Female,1,No,Yes,30,Yes,Yes,Fiber optic,No,No,No,Yes,Yes,Yes,Month-to-month,Yes,Electronic check,101.3,2974.5,25-48 Months,$90+,99.15,5,1,0,1,No,0.7266666666666667,Yes,High Risk
1741-WTPON,Male,0,Yes,Yes,56,Yes,Yes,Fiber optic,Yes,Yes,Yes,Yes,Yes,Yes,Two year,No,Mailed check,115.85,6567.9,49+ Months,$90+,117.28392857142856,8,1,1,0,No,0.17666666666666667,No,Low Risk
7209-JCUDS,Male,0,No,No,10,Yes,No,Fiber optic,No,No,Yes,No,Yes,Yes,Month-to-month,Yes,Electronic check,94.9,1048.85,7-12 Months,$90+,104.885,4,0,0,1,Yes,0.7366666666666667,Yes,High Risk
2485-ITVKB,Female,0,Yes,No,2,No,No phone service,DSL,No,No,No,No,No,Yes,Month-to-month,Yes,Electronic check,35.1,68.75,0-6 Months,$30-$59,34.375,1,0,0,1,Yes,0.82,Yes,High Risk
9648-BCHKM,Female,0,Yes,Yes,18,Yes,Yes,No,No internet service,No internet service,No internet service,No internet service,No internet service,No internet service,Two year,Yes,Credit card (automatic),24.65,471.35,13-24 Months,Below $30,26.186111111111117,2,0,1,1,No,0.04666666666666667,No,Low Risk
0743-HRVFF,Female,0,Yes,Yes,51,No,No phone service,DSL,No,No,Yes,Yes,Yes,Yes,One year,Yes,Electronic check,56.15,2898.95,49+ Months,$30-$59,56.84215686274509,4,1,1,1,No,0.15666666666666668,No,Low Risk
2522-AHJXR,Male,0,Yes,No,60,Yes,Yes,Fiber optic,Yes,No,Yes,Yes,Yes,Yes,Month-to-month,Yes,Bank transfer (automatic),109.45,6572.85,49+ Months,$90+,109.5475,7,1,0,1,No,0.19,No,Low Risk
9143-CANJF,Female,0,Yes,Yes,24,Yes,No,DSL,Yes,No,No,Yes,No,No,Month-to-month,No,Electronic check,55.15,1319.85,13-24 Months,$30-$59,54.99375,3,1,0,0,No,0.35333333333333333,No,Low Risk
1444-VVSGW,Male,0,Yes,No,70,Yes,Yes,Fiber optic,Yes,Yes,Yes,Yes,Yes,Yes,One year,No,Credit card (automatic),115.65,7968.85,49+ Months,$90+,113.84071428571428,8,1,1,0,Yes,0.30333333333333334,No,Low Risk
6898-MDLZW,Male,0,No,No,12,Yes,No,DSL,No,Yes,No,Yes,No,No,Month-to-month,Yes,Mailed check,53.75,648.65,7-12 Months,$30-$59,54.05416666666667,3,1,0,1,No,0.38333333333333336,No,Low Risk
0074-HDKDG,Male,0,Yes,Yes,25,Yes,No,DSL,Yes,Yes,Yes,No,No,No,One year,Yes,Bank transfer (automatic),61.6,1611.0,25-48 Months,$60-$89,64.44,4,1,1,1,No,0.09333333333333334,No,Low Risk
3982-JGSFD,Male,0,No,No,36,Yes,No,No,No internet service,No internet service,No internet service,No internet service,No internet service,No internet service,One year,Yes,Credit card (automatic),20.35,695.85,25-48 Months,Below $30,19.329166666666666,1,0,1,1,No,0.0,No,Low Risk
7928-VJYAB,Male,0,Yes,Yes,11,Yes,No,Fiber optic,No,No,No,No,Yes,Yes,Month-to-month,No,Electronic check,90.6,1020.2,7-12 Months,$90+,92.74545454545456,3,0,0,0,No,0.7233333333333334,Yes,High Risk
1522-VVDMG,Male,0,Yes,Yes,7,Yes,No,Fiber optic,No,Yes,No,Yes,Yes,No,Month-to-month,Yes,Electronic check,89.75,608.8,7-12 Months,$60-$89,86.97142857142856,4,1,0,1,Yes,0.6633333333333333,Yes,Medium Risk
2665-NPTGL,Female,1,Yes,No,26,Yes,Yes,Fiber optic,No,No,Yes,No,Yes,Yes,Month-to-month,Yes,Bank transfer (automatic),98.1,2510.7,25-48 Months,$90+,96.5653846153846,5,0,0,1,No,0.7633333333333333,Yes,High Risk
8728-SKJLR,Male,0,No,No,41,Yes,No,Fiber optic,No,No,No,Yes,No,No,Month-to-month,Yes,Electronic check,74.25,3089.1,25-48 Months,$60-$89,75.34390243902439,2,1,0,1,No,0.7166666666666667,Yes,High Risk
7733-UDMTP,Female,1,No,No,57,No,No phone service,DSL,No,Yes,Yes,No,Yes,Yes,Month-to-month,Yes,Electronic check,55.0,3094.05,49+ Months,$30-$59,54.28157894736842,4,0,0,1,No,0.6933333333333334,Yes,Medium Risk
0431-APWVY,Female,0,Yes,Yes,28,Yes,No,Fiber optic,No,No,No,No,Yes,Yes,One year,Yes,Bank transfer (automatic),90.1,2598.95,25-48 Months,$90+,92.81964285714284,3,0,1,1,Yes,0.44,Yes,Medium Risk
5081-NWSUP,Female,0,No,No,10,Yes,No,DSL,No,Yes,No,Yes,No,Yes,One year,No,Mailed check,64.9,685.55,7-12 Months,$60-$89,68.55499999999999,4,1,1,0,No,0.16666666666666666,No,Low Risk
2746-DIJLO,Female,0,No,No,41,Yes,Yes,DSL,No,Yes,No,No,No,No,One year,Yes,Credit card (automatic),56.3,2364.0,25-48 Months,$30-$59,57.65853658536585,3,0,1,1,No,0.06333333333333334,No,Low Risk
7277-OZCGZ,Female,0,No,No,22,Yes,No,Fiber optic,Yes,No,No,Yes,No,Yes,Month-to-month,Yes,Electronic check,89.05,1886.25,13-24 Months,$60-$89,85.73863636363636,4,1,0,1,No,0.3566666666666667,No,Low Risk
5236-PERKL,Female,0,No,No,57,Yes,Yes,Fiber optic,Yes,Yes,Yes,No,Yes,Yes,Two year,Yes,Bank transfer (automatic),112.95,6465.0,49+ Months,$90+,113.42105263157896,7,1,1,1,Yes,0.37,No,Low Risk
2788-CJQAQ,Male,0,No,No,13,Yes,No,No,No internet service,No internet service,No internet service,No internet service,No internet service,No internet service,One year,No,Mailed check,19.45,270.2,13-24 Months,Below $30,20.784615384615385,1,0,1,0,No,0.0,No,Low Risk
3096-WPXBT,Female,0,Yes,Yes,61,Yes,Yes,Fiber optic,Yes,Yes,Yes,No,No,Yes,One year,Yes,Credit card (automatic),100.7,6018.65,49+ Months,$90+,98.66639344262296,6,1,1,1,No,0.23666666666666666,No,Low Risk
9962-BFPDU,Female,0,Yes,Yes,1,Yes,No,No,No internet service,No internet service,No internet service,No internet service,No internet service,No internet service,Month-to-month,No,Mailed check,20.05,20.05,0-6 Months,Below $30,20.05,1,0,0,0,No,0.7538888888888888,Yes,High Risk
2892-GESUL,Female,0,Yes,Yes,18,Yes,No,No,No internet service,No internet service,No internet service,No internet service,No internet service,No internet service,Two year,No,Mailed check,19.35,309.25,13-24 Months,Below $30,17.180555555555557,1,0,1,0,No,0.013333333333333334,No,Low Risk
9741-YLNTD,Male,0,No,No,6,Yes,Yes,Fiber optic,No,No,No,Yes,No,Yes,Month-to-month,Yes,Bank transfer (automatic),87.95,522.35,0-6 Months,$60-$89,87.05833333333334,4,1,0,1,No,0.7666666666666667,Yes,High Risk
1205-WNWPJ,Female,0,No,No,7,Yes,No,DSL,No,No,No,Yes,Yes,No,Month-to-month,Yes,Mailed check,59.5,415.95,7-12 Months,$30-$59,59.42142857142857,3,1,0,1,Yes,0.32,No,Low Risk
3173-NVMPX,Female,0,Yes,Yes,9,Yes,Yes,DSL,No,Yes,No,No,No,No,Month-to-month,Yes,Mailed check,55.3,501.2,7-12 Months,$30-$59,55.68888888888889,3,0,0,1,No,0.18333333333333332,No,Low Risk
9661-MHUMO,Male,1,Yes,Yes,1,Yes,No,DSL,No,No,No,Yes,No,No,Month-to-month,Yes,Credit card (automatic),49.25,49.25,0-6 Months,$30-$59,49.25,2,1,0,1,Yes,0.4533333333333333,Yes,Medium Risk
6000-APYLU,Male,0,No,No,9,Yes,No,Fiber optic,No,No,No,No,No,Yes,Month-to-month,Yes,Electronic check,80.8,713.1,7-12 Months,$60-$89,79.23333333333333,2,0,0,1,Yes,0.69,Yes,Medium Risk
0048-PIHNL,Female,0,Yes,No,49,Yes,No,No,No internet service,No internet service,No internet service,No internet service,No internet service,No internet service,One year,No,Bank transfer (automatic),20.45,900.9,49+ Months,Below $30,18.38571428571429,1,0,1,0,No,0.27,No,Low Risk
9420-LOJKX,Female,0,No,No,15,Yes,No,Fiber optic,Yes,Yes,No,No,Yes,Yes,Month-to-month,Yes,Credit card (automatic),99.1,1426.4,13-24 Months,$90+,95.09333333333332,5,1,0,1,Yes,0.7366666666666667,Yes,High Risk
7061-OVMIM,Female,0,Yes,Yes,30,Yes,No,No,No internet service,No internet service,No internet service,No internet service,No internet service,No internet service,One year,No,Bank transfer (automatic),19.55,608.5,25-48 Months,Below $30,20.28333333333333,1,0,1,0,No,0.016666666666666666,No,Low Risk
5671-RQRLP,Female,1,Yes,No,70,Yes,Yes,Fiber optic,No,No,No,No,No,No,Two year,Yes,Credit card (automatic),75.65,5411.4,49+ Months,$60-$89,77.30571428571427,2,0,1,1,No,0.07666666666666666,No,Low Risk
5129-JLPIS,Male,0,No,No,25,Yes,No,Fiber optic,Yes,No,Yes,Yes,Yes,Yes,Month-to-month,Yes,Electronic check,105.5,2686.05,25-48 Months,$90+,107.442,6,1,0,1,No,0.6266666666666667,Yes,Medium Risk
5170-PTRKA,Female,0,Yes,Yes,49,No,No phone service,DSL,Yes,No,No,Yes,No,No,One year,Yes,Credit card (automatic),35.8,1782.0,49+ Months,$30-$59,36.36734693877551,2,1,1,1,No,0.03666666666666667,No,Low Risk
4819-HJPIW,Male,0,No,No,18,No,No phone service,DSL,No,No,No,No,No,No,Month-to-month,No,Mailed check,25.15,476.8,13-24 Months,Below $30,26.48888888888889,0,0,0,0,No,0.22666666666666666,No,Low Risk
8780-RSYYU,Female,0,No,No,25,Yes,No,No,No internet service,No internet service,No internet service,No internet service,No internet service,No internet service,Month-to-month,Yes,Credit card (automatic),19.2,532.1,25-48 Months,Below $30,21.284,1,0,0,1,No,0.12666666666666668,No,Low Risk
2335-GSODA,Male,0,No,Yes,23,No,No phone service,DSL,Yes,No,Yes,Yes,No,No,Two year,No,Mailed check,40.1,857.75,13-24 Months,$30-$59,37.29347826086956,3,1,1,0,No,0.023333333333333334,No,Low Risk
5696-CEIQJ,Male,0,Yes,Yes,67,Yes,No,Fiber optic,No,Yes,Yes,Yes,Yes,Yes,Two year,No,Bank transfer (automatic),103.15,6895.5,49+ Months,$90+,102.9179104477612,6,1,1,0,No,0.08666666666666667,No,Low Risk
6169-PPETC,Male,0,Yes,Yes,35,Yes,No,No,No internet service,No internet service,No internet service,No internet service,No internet service,No internet service,Two year,No,Bank transfer (automatic),20.5,759.35,25-48 Months,Below $30,21.695714285714285,1,0,1,0,No,0.0033333333333333335,No,Low Risk
4237-RLAQD,Male,0,No,No,1,Yes,No,DSL,No,No,No,No,No,No,Month-to-month,Yes,Mailed check,45.85,45.85,0-6 Months,$30-$59,45.85,1,0,0,1,Yes,0.7933333333333333,Yes,High Risk
7359-WWYJV,Male,0,Yes,No,72,Yes,Yes,Fiber optic,Yes,Yes,Yes,Yes,Yes,Yes,Two year,No,Credit card (automatic),114.45,8375.05,49+ Months,$90+,116.32013888888888,8,1,1,0,No,0.016666666666666666,No,Low Risk
8620-RJPZN,Female,0,No,No,1,Yes,No,No,No internet service,No internet service,No internet service,No internet service,No internet service,No internet service,Month-to-month,No,Electronic check,20.7,20.7,0-6 Months,Below $30,20.7,1,0,0,0,No,0.4025542328042328,Yes,Medium Risk
7426-WEIJX,Male,1,Yes,Yes,60,Yes,Yes,Fiber optic,Yes,No,No,No,No,No,Month-to-month,Yes,Electronic check,80.95,4859.1,49+ Months,$60-$89,80.985,3,1,0,1,No,0.31,No,Low Risk
7629-WIXZF,Female,0,No,No,7,Yes,No,DSL,Yes,No,No,No,No,Yes,One year,Yes,Electronic check,59.1,369.25,7-12 Months,$30-$59,52.75,3,1,1,1,No,0.36,No,Low Risk
2616-FLVQC,Male,0,No,No,64,Yes,No,No,No internet service,No internet service,No internet service,No internet service,No internet service,No internet service,Two year,No,Mailed check,19.55,1240.15,49+ Months,Below $30,19.37734375,1,0,1,0,No,0.09,No,Low Risk
9163-GHAYE,Female,0,No,No,15,Yes,No,DSL,No,Yes,No,No,No,No,Month-to-month,No,Electronic check,48.85,736.8,13-24 Months,$30-$59,49.12,2,0,0,0,No,0.13666666666666666,No,Low Risk
4464-JCOLN,Male,0,Yes,Yes,2,Yes,No,No,No internet service,No internet service,No internet service,No internet service,No internet service,No internet service,One year,No,Mailed check,19.85,35.9,0-6 Months,Below $30,17.95,1,0,1,0,Yes,0.006666666666666667,No,Low Risk
2971-SGAFL,Female,0,No,No,13,Yes,Yes,DSL,Yes,No,Yes,No,Yes,Yes,Month-to-month,Yes,Electronic check,78.75,995.35,13-24 Months,$60-$89,76.56538461538462,6,1,0,1,No,0.4533333333333333,Yes,Medium Risk
4735-ASGMA,Male,0,No,No,26,Yes,Yes,Fiber optic,No,No,Yes,No,Yes,Yes,Month-to-month,Yes,Electronic check,98.35,2515.3,25-48 Months,$90+,96.7423076923077,5,0,0,1,Yes,0.8333333333333334,Yes,High Risk
5245-VDBUR,Female,0,Yes,No,52,No,No phone service,DSL,Yes,No,Yes,No,No,No,One year,No,Mailed check,35.45,1958.95,49+ Months,$30-$59,37.67211538461539,2,1,1,0,No,0.04666666666666667,No,Low Risk
1493-AMTIE,Male,0,No,No,1,Yes,No,No,No internet service,No internet service,No internet service,No internet service,No internet service,No internet service,Month-to-month,Yes,Bank transfer (automatic),20.2,20.2,0-6 Months,Below $30,20.2,1,0,0,1,Yes,0.5266666666666666,Yes,Medium Risk
1112-CUNAO,Female,1,No,No,15,Yes,Yes,Fiber optic,No,Yes,No,No,No,Yes,Month-to-month,No,Electronic check,89.85,1424.95,13-24 Months,$60-$89,94.99666666666668,4,0,0,0,Yes,0.5333333333333333,Yes,Medium Risk
7571-YXDAD,Female,0,No,No,2,Yes,Yes,Fiber optic,No,No,No,No,No,No,Month-to-month,No,Credit card (automatic),74.9,147.15,0-6 Months,$60-$89,73.575,2,0,0,0,Yes,0.7631111111111111,Yes,High Risk
8714-EUHJO,Female,0,Yes,Yes,31,Yes,Yes,Fiber optic,No,Yes,No,No,No,Yes,Month-to-month,Yes,Electronic check,91.15,2995.45,25-48 Months,$90+,96.62741935483872,4,0,0,1,Yes,0.44333333333333336,Yes,Medium Risk
9040-KZVWO,Male,0,No,No,26,Yes,No,Fiber optic,No,Yes,No,No,No,No,One year,No,Bank transfer (automatic),75.5,2018.1,25-48 Months,$60-$89,77.61923076923077,2,0,1,0,No,0.09666666666666666,No,Low Risk
6713-OKOMC,Female,0,No,No,10,No,No phone service,DSL,Yes,No,No,No,No,No,Month-to-month,No,Mailed check,29.75,301.9,7-12 Months,Below $30,30.19,1,1,0,0,No,0.23666666666666666,No,Low Risk
8749-CLJXC,Male,0,No,No,1,Yes,No,No,No internet service,No internet service,No internet service,No internet service,No internet service,No internet service,Month-to-month,No,Mailed check,20.05,20.05,0-6 Months,Below $30,20.05,1,0,0,0,No,0.18576190476190477,No,Low Risk
4713-LZDRV,Female,1,No,No,2,Yes,No,Fiber optic,No,No,No,No,No,Yes,Month-to-month,Yes,Electronic check,79.6,195.05,0-6 Months,$60-$89,97.525,2,0,0,1,Yes,0.9133333333333333,Yes,High Risk
6598-RFFVI,Male,0,No,No,2,Yes,No,No,No internet service,No internet service,No internet service,No internet service,No internet service,No internet service,One year,No,Credit card (automatic),19.3,28.3,0-6 Months,Below $30,14.15,1,0,1,0,Yes,0.04666666666666667,No,Low Risk
7470-MCQTK,Female,0,Yes,No,13,No,No phone service,DSL,No,No,Yes,No,Yes,Yes,Month-to-month,Yes,Bank transfer (automatic),48.75,633.4,13-24 Months,$30-$59,48.72307692307693,3,0,0,1,Yes,0.5166666666666667,Yes,Medium Risk
5524-KHNJP,Male,0,Yes,Yes,33,Yes,No,DSL,Yes,No,Yes,No,Yes,Yes,One year,No,Credit card (automatic),74.75,2453.3,25-48 Months,$60-$89,74.34242424242424,5,1,1,0,No,0.22,No,Low Risk
1707-HABPF,Female,1,No,No,46,Yes,No,Fiber optic,No,Yes,Yes,No,Yes,No,One year,Yes,Bank transfer (automatic),91.3,4126.35,25-48 Months,$90+,89.70326086956523,4,0,1,1,No,0.20333333333333334,No,Low Risk
4581-LNWUM,Female,0,No,No,13,No,No phone service,DSL,No,No,Yes,No,Yes,Yes,Month-to-month,No,Electronic check,49.15,649.4,13-24 Months,$30-$59,49.95384615384615,3,0,0,0,No,0.5933333333333334,Yes,Medium Risk
9710-ZUSHQ,Female,1,No,No,37,Yes,Yes,Fiber optic,Yes,Yes,No,No,Yes,Yes,Month-to-month,Yes,Bank transfer (automatic),106.75,4056.75,25-48 Months,$90+,109.64189189189187,6,1,0,1,Yes,0.46,Yes,Medium Risk
1697-LYYYX,Female,0,Yes,Yes,61,Yes,No,No,No internet service,No internet service,No internet service,No internet service,No internet service,No internet service,One year,No,Credit card (automatic),19.1,1143.8,49+ Months,Below $30,18.750819672131147,1,0,1,0,No,0.02,No,Low Risk
4013-GUXND,Male,0,No,No,1,Yes,No,No,No internet service,No internet service,No internet service,No internet service,No internet service,No internet service,Month-to-month,No,Mailed check,20.8,20.8,0-6 Months,Below $30,20.8,1,0,0,0,No,0.7374960317460318,Yes,High Risk
5022-JNQEQ,Female,0,Yes,Yes,9,Yes,No,Fiber optic,No,No,No,Yes,No,No,Month-to-month,Yes,Electronic check,75.85,647.5,7-12 Months,$60-$89,71.94444444444444,2,1,0,1,No,0.65,Yes,Medium Risk
4983-CCWMC,Male,0,No,No,3,Yes,No,Fiber optic,No,No,No,No,No,No,Month-to-month,Yes,Mailed check,69.6,207.4,0-6 Months,$60-$89,69.13333333333334,1,0,0,1,No,0.6966666666666667,Yes,Medium Risk
6345-FZOQH,Male,0,Yes,No,69,Yes,No,No,No internet service,No internet service,No internet service,No internet service,No internet service,No internet service,Two year,No,Mailed check,19.9,1363.45,49+ Months,Below $30,19.76014492753623,1,0,1,0,No,0.006666666666666667,No,Low Risk
0962-CQPWQ,Female,0,Yes,Yes,62,Yes,No,No,No internet service,No internet service,No internet service,No internet service,No internet service,No internet service,Two year,No,Bank transfer (automatic),20.3,1296.15,49+ Months,Below $30,20.905645161290323,1,0,1,0,No,0.0,No,Low Risk
5495-GPSRW,Male,0,No,No,20,Yes,No,No,No internet service,No internet service,No internet service,No internet service,No internet service,No internet service,Two year,Yes,Mailed check,19.7,419.4,13-24 Months,Below $30,20.97,1,0,1,1,No,0.0033333333333333335,No,Low Risk
2252-JHJGE,Male,0,No,No,61,Yes,Yes,Fiber optic,Yes,No,Yes,No,Yes,Yes,One year,No,Electronic check,104.0,6363.45,49+ Months,$90+,104.31885245901638,6,1,1,0,No,0.32,No,Low Risk
7356-AYNJP,Female,0,No,No,4,Yes,Yes,No,No internet service,No internet service,No internet service,No internet service,No internet service,No internet service,One year,No,Electronic check,23.9,97.5,0-6 Months,Below $30,24.375,2,0,1,0,No,0.043333333333333335,No,Low Risk
2019-HDCZY,Male,0,Yes,No,63,Yes,Yes,Fiber optic,No,No,Yes,No,Yes,Yes,Two year,No,Electronic check,102.6,6296.75,49+ Months,$90+,99.9484126984127,5,0,1,0,No,0.19,No,Low Risk
8582-KRHPJ,Male,0,No,No,50,No,No phone service,DSL,Yes,Yes,No,No,No,No,Month-to-month,Yes,Mailed check,35.0,1782.4,49+ Months,$30-$59,35.648,2,1,0,1,No,0.20666666666666667,No,Low Risk
2867-UIMSS,Male,0,No,No,1,Yes,No,Fiber optic,No,No,No,No,No,Yes,Month-to-month,No,Electronic check,80.5,80.5,0-6 Months,$60-$89,80.5,2,0,0,0,Yes,0.9733333333333334,Yes,High Risk
3487-EARAT,Female,0,Yes,Yes,70,Yes,No,DSL,Yes,Yes,Yes,Yes,No,Yes,One year,No,Credit card (automatic),74.1,5222.3,49+ Months,$60-$89,74.60428571428572,6,1,1,0,No,0.21,No,Low Risk
9926-PJHDQ,Female,0,Yes,Yes,72,Yes,Yes,DSL,No,No,Yes,No,Yes,Yes,Two year,Yes,Bank transfer (automatic),76.8,5468.45,49+ Months,$60-$89,75.95069444444444,5,0,1,1,No,0.24333333333333335,No,Low Risk
0289-IVARM,Female,0,No,No,35,Yes,No,DSL,Yes,Yes,Yes,No,No,No,Month-to-month,No,Electronic check,60.55,1982.6,25-48 Months,$60-$89,56.64571428571429,4,1,0,0,No,0.2733333333333333,No,Low Risk
4672-FOTSD,Male,0,No,No,12,Yes,Yes,DSL,Yes,Yes,No,Yes,No,No,Month-to-month,Yes,Electronic check,67.25,832.3,7-12 Months,$60-$89,69.35833333333333,5,1,0,1,No,0.29333333333333333,No,Low Risk
6198-PNNSZ,Female,0,Yes,No,56,Yes,Yes,Fiber optic,Yes,Yes,Yes,No,Yes,Yes,One year,No,Bank transfer (automatic),109.8,6109.65,49+ Months,$90+,109.10089285714284,7,1,1,0,No,0.26,No,Low Risk
7603-USHJS,Male,0,No,Yes,12,Yes,Yes,Fiber optic,No,No,No,No,No,No,Month-to-month,Yes,Credit card (automatic),73.75,871.4,7-12 Months,$60-$89,72.61666666666666,2,0,0,1,Yes,0.38333333333333336,No,Low Risk
6784-XYJAE,Female,0,No,No,36,Yes,Yes,DSL,No,No,Yes,No,No,No,One year,No,Electronic check,55.8,1941.5,25-48 Months,$30-$59,53.93055555555556,3,0,1,0,No,0.12,No,Low Risk
3858-XHYJO,Female,0,Yes,No,40,Yes,Yes,Fiber optic,Yes,No,Yes,No,Yes,Yes,One year,No,Bank transfer (automatic),105.75,4228.55,25-48 Months,$90+,105.71375,6,1,1,0,No,0.23333333333333334,No,Low Risk
1087-UDSIH,Female,0,No,No,3,Yes,No,No,No internet service,No internet service,No internet service,No internet service,No internet service,No internet service,Month-to-month,Yes,Mailed check,19.6,59.75,0-6 Months,Below $30,19.916666666666668,1,0,0,1,Yes,0.23444444444444448,No,Low Risk
7251-LJBQN,Female,1,No,No,40,Yes,Yes,Fiber optic,No,No,Yes,Yes,Yes,Yes,One year,Yes,Credit card (automatic),103.75,4188.4,25-48 Months,$90+,104.71,6,1,1,1,No,0.33,No,Low Risk
3200-MNQTF,Male,0,Yes,No,67,Yes,Yes,DSL,Yes,Yes,Yes,Yes,No,No,Two year,No,Credit card (automatic),70.9,4677.1,49+ Months,$60-$89,69.80746268656716,6,1,1,0,No,0.06,No,Low Risk
9359-UGBTK,Female,0,No,No,67,Yes,No,DSL,Yes,No,Yes,Yes,No,Yes,One year,Yes,Bank transfer (automatic),72.35,4991.5,49+ Months,$60-$89,74.5,5,1,1,1,No,0.09333333333333334,No,Low Risk
8160-HOWOX,Female,0,No,No,7,Yes,No,DSL,No,No,No,No,Yes,Yes,Month-to-month,Yes,Electronic check,66.85,458.1,7-12 Months,$60-$89,65.44285714285715,3,0,0,1,No,0.3466666666666667,No,Low Risk
0258-NOKBL,Male,0,No,No,3,Yes,No,Fiber optic,No,Yes,Yes,No,No,Yes,Month-to-month,No,Electronic check,90.4,268.45,0-6 Months,$90+,89.48333333333333,4,0,0,0,No,0.63,Yes,Medium Risk
2800-QQUSO,Male,0,No,No,42,Yes,Yes,Fiber optic,No,No,No,Yes,Yes,Yes,Month-to-month,Yes,Electronic check,100.3,4222.95,25-48 Months,$90+,100.54642857142856,5,1,0,1,No,0.7266666666666667,Yes,High Risk
2129-ALKBS,Female,0,Yes,Yes,40,Yes,Yes,No,No internet service,No internet service,No internet service,No internet service,No internet service,No internet service,Month-to-month,Yes,Electronic check,26.2,1077.5,25-48 Months,Below $30,26.9375,2,0,0,1,No,0.11,No,Low Risk
9972-VAFJJ,Female,1,Yes,No,53,Yes,No,Fiber optic,No,Yes,Yes,Yes,Yes,No,One year,Yes,Electronic check,94.0,4871.45,49+ Months,$90+,91.91415094339622,5,1,1,1,No,0.16333333333333333,No,Low Risk
4693-VWVBO,Female,0,No,No,3,Yes,No,No,No internet service,No internet service,No internet service,No internet service,No internet service,No internet service,Month-to-month,No,Electronic check,19.55,61.05,0-6 Months,Below $30,20.35,1,0,0,0,No,0.5844444444444444,Yes,Medium Risk
6969-MVBAI,Female,1,No,No,9,Yes,Yes,Fiber optic,No,No,Yes,No,Yes,No,Month-to-month,Yes,Electronic check,90.1,816.8,7-12 Months,$90+,90.75555555555556,4,0,0,1,No,0.81,Yes,High Risk
4821-WQOYN,Female,0,Yes,Yes,72,Yes,No,No,No internet service,No internet service,No internet service,No internet service,No internet service,No internet service,Two year,Yes,Credit card (automatic),20.1,1326.25,49+ Months,Below $30,18.42013888888889,1,0,1,1,No,0.006666666666666667,No,Low Risk
6769-DYBQN,Male,1,No,No,46,Yes,No,Fiber optic,Yes,No,No,No,No,Yes,Month-to-month,No,Electronic check,85.0,3969.4,25-48 Months,$60-$89,86.29130434782608,3,1,0,0,Yes,0.67,Yes,Medium Risk
4018-PPNDW,Female,0,Yes,Yes,61,Yes,Yes,No,No internet service,No internet service,No internet service,No internet service,No internet service,No internet service,Two year,Yes,Mailed check,24.1,1551.6,49+ Months,Below $30,25.43606557377049,2,0,1,1,No,0.006666666666666667,No,Low Risk
6288-CHQJB,Female,0,Yes,Yes,54,Yes,No,DSL,Yes,No,Yes,Yes,No,Yes,Two year,No,Bank transfer (automatic),69.95,3871.85,49+ Months,$60-$89,71.70092592592593,5,1,1,0,No,0.016666666666666666,No,Low Risk
4905-JEFDW,Male,0,No,No,11,No,No phone service,DSL,No,No,Yes,No,Yes,No,One year,Yes,Electronic check,41.6,470.6,7-12 Months,$30-$59,42.78181818181818,2,0,1,1,Yes,0.45,Yes,Medium Risk
0559-CKHUS,Female,0,Yes,No,29,Yes,No,No,No internet service,No internet service,No internet service,No internet service,No internet service,No internet service,Two year,Yes,Mailed check,19.55,521.8,25-48 Months,Below $30,17.99310344827586,1,0,1,1,No,0.02666666666666667,No,Low Risk
2659-VXMWZ,Male,0,Yes,Yes,67,Yes,Yes,Fiber optic,Yes,Yes,Yes,No,Yes,Yes,One year,Yes,Electronic check,111.3,7482.1,49+ Months,$90+,111.67313432835822,7,1,1,1,Yes,0.12666666666666668,No,Low Risk
6559-RAKOZ,Male,0,Yes,Yes,49,Yes,Yes,Fiber optic,No,No,No,Yes,Yes,Yes,One year,Yes,Electronic check,97.95,4917.9,49+ Months,$90+,100.36530612244896,5,1,1,1,No,0.4766666666666667,Yes,Medium Risk
8809-XKHMD,Male,0,Yes,No,72,Yes,Yes,Fiber optic,Yes,Yes,No,Yes,No,Yes,Two year,Yes,Bank transfer (automatic),100.55,7325.1,49+ Months,$90+,101.7375,6,1,1,1,No,0.05,No,Low Risk
6365-HITVU,Female,0,Yes,Yes,71,Yes,No,DSL,Yes,Yes,Yes,Yes,Yes,Yes,Two year,No,Credit card (automatic),87.25,6328.7,49+ Months,$60-$89,89.13661971830986,7,1,1,0,No,0.0033333333333333335,No,Low Risk
0134-XWXCE,Female,1,No,No,44,Yes,No,DSL,No,No,Yes,Yes,Yes,Yes,One year,No,Bank transfer (automatic),74.85,3268.05,25-48 Months,$60-$89,74.27386363636364,5,1,1,0,No,0.09333333333333334,No,Low Risk
9720-JJJOR,Male,0,Yes,Yes,41,Yes,No,DSL,Yes,Yes,Yes,No,No,No,One year,Yes,Bank transfer (automatic),60.3,2511.3,25-48 Months,$60-$89,61.25121951219513,4,1,1,1,No,0.11333333333333333,No,Low Risk
2782-LFZVW,Female,0,No,No,11,Yes,Yes,DSL,No,No,No,No,No,Yes,Month-to-month,Yes,Mailed check,58.95,601.6,7-12 Months,$30-$59,54.690909090909095,3,0,0,1,No,0.2733333333333333,No,Low Risk
6112-KTHFQ,Female,0,No,No,13,Yes,No,No,No internet service,No internet service,No internet service,No internet service,No internet service,No internet service,Month-to-month,Yes,Mailed check,19.3,279.3,13-24 Months,Below $30,21.484615384615385,1,0,0,1,No,0.15,No,Low Risk
9220-ZNKJI,Female,1,Yes,No,55,Yes,No,Fiber optic,No,No,Yes,Yes,Yes,No,Two year,No,Credit card (automatic),88.8,4805.3,49+ Months,$60-$89,87.36909090909091,4,1,1,0,No,0.09666666666666666,No,Low Risk
9820-RMCQV,Female,0,No,No,11,Yes,No,DSL,Yes,No,No,No,No,No,Month-to-month,No,Credit card (automatic),48.55,501.0,7-12 Months,$30-$59,45.54545454545455,2,1,0,0,Yes,0.39,No,Low Risk
9013-AQORL,Female,0,No,Yes,48,No,No phone service,DSL,No,Yes,Yes,No,No,Yes,Month-to-month,No,Credit card (automatic),45.55,2108.35,25-48 Months,$30-$59,43.92395833333333,3,0,0,0,No,0.4633333333333333,Yes,Medium Risk
2040-OBMLJ,Male,0,No,No,31,Yes,Yes,Fiber optic,No,No,No,Yes,No,No,One year,No,Credit card (automatic),81.7,2548.65,25-48 Months,$60-$89,82.21451612903226,3,1,1,0,No,0.09,No,Low Risk
5574-NXZIU,Male,0,No,No,63,Yes,No,Fiber optic,Yes,Yes,Yes,Yes,Yes,Yes,Two year,No,Credit card (automatic),109.2,7049.75,49+ Months,$90+,111.90079365079364,7,1,1,0,No,0.43666666666666665,Yes,Medium Risk
5446-DKWYW,Female,1,Yes,Yes,61,Yes,Yes,DSL,No,No,Yes,No,Yes,No,One year,Yes,Electronic check,65.2,3965.05,49+ Months,$60-$89,65.00081967213114,4,0,1,1,No,0.19666666666666666,No,Low Risk
0480-KYJVA,Female,0,Yes,Yes,72,Yes,Yes,No,No internet service,No internet service,No internet service,No internet service,No internet service,No internet service,Two year,No,Credit card (automatic),24.25,1784.5,49+ Months,Below $30,24.78472222222222,2,0,1,0,No,0.0,No,Low Risk
1074-AMIOH,Female,0,Yes,Yes,53,Yes,No,Fiber optic,No,Yes,Yes,Yes,Yes,Yes,Month-to-month,Yes,Bank transfer (automatic),108.25,5935.1,49+ Months,$90+,111.98301886792451,6,1,0,1,No,0.30333333333333334,No,Low Risk
0015-UOCOJ,Female,1,No,No,7,Yes,No,DSL,Yes,No,No,No,No,No,Month-to-month,Yes,Electronic check,48.2,340.35,7-12 Months,$30-$59,48.621428571428574,2,1,0,1,No,0.73,Yes,High Risk
0256-LTHVJ,Female,0,Yes,Yes,28,Yes,No,Fiber optic,No,No,No,No,No,Yes,Month-to-month,Yes,Electronic check,81.05,2227.1,25-48 Months,$60-$89,79.53928571428571,2,0,0,1,Yes,0.51,Yes,Medium Risk
4547-LYTDD,Female,0,No,No,16,Yes,Yes,Fiber optic,No,No,No,No,No,No,Month-to-month,No,Electronic check,72.65,1194.3,13-24 Months,$60-$89,74.64375,2,0,0,0,Yes,0.5033333333333333,Yes,Medium Risk
1077-HUUJM,Female,0,No,Yes,7,Yes,No,Fiber optic,No,No,No,No,No,No,Month-to-month,Yes,Electronic check,71.05,472.65,7-12 Months,$60-$89,67.52142857142857,1,0,0,1,No,0.64,Yes,Medium Risk
2041-JIJCI,Female,0,No,No,5,Yes,Yes,DSL,No,Yes,No,No,No,Yes,Month-to-month,Yes,Electronic check,64.0,370.25,0-6 Months,$60-$89,74.05,4,0,0,1,No,0.5733333333333334,Yes,Medium Risk
1555-HAPSU,Female,0,Yes,Yes,71,Yes,Yes,No,No internet service,No internet service,No internet service,No internet service,No internet service,No internet service,Two year,No,Credit card (automatic),23.9,1663.5,49+ Months,Below $30,23.42957746478873,2,0,1,0,No,0.0,No,Low Risk
4323-SADQS,Male,0,Yes,Yes,7,No,No phone service,DSL,Yes,No,No,Yes,No,No,Month-to-month,Yes,Electronic check,34.5,279.25,7-12 Months,$30-$59,39.892857142857146,2,1,0,1,Yes,0.38666666666666666,No,Low Risk
3292-PBZEJ,Male,1,No,No,11,Yes,Yes,Fiber optic,No,Yes,Yes,Yes,Yes,Yes,Month-to-month,Yes,Electronic check,111.4,1183.05,7-12 Months,$90+,107.55,7,1,0,1,No,0.83,Yes,High Risk
6203-HBZPA,Male,0,No,No,52,No,No phone service,DSL,Yes,Yes,Yes,Yes,Yes,Yes,Two year,No,Credit card (automatic),63.9,3334.95,49+ Months,$60-$89,64.13365384615385,6,1,1,0,No,0.016666666666666666,No,Low Risk
9755-JHNMN,Female,0,No,No,49,Yes,No,DSL,Yes,Yes,Yes,Yes,No,No,Two year,No,Bank transfer (automatic),67.4,3306.85,49+ Months,$60-$89,67.48673469387755,5,1,1,0,No,0.02,No,Low Risk
7369-TRPFD,Male,0,No,No,19,Yes,No,No,No internet service,No internet service,No internet service,No internet service,No internet service,No internet service,One year,No,Mailed check,18.8,279.2,13-24 Months,Below $30,14.694736842105264,1,0,1,0,No,0.0,No,Low Risk
9878-TNQGW,Male,0,No,No,2,Yes,No,Fiber optic,No,No,No,No,No,Yes,Month-to-month,Yes,Electronic check,80.95,171.15,0-6 Months,$60-$89,85.575,2,0,0,1,Yes,0.8433333333333334,Yes,High Risk
2279-AXJJK,Male,0,Yes,No,52,Yes,Yes,Fiber optic,No,Yes,No,Yes,No,Yes,Month-to-month,Yes,Credit card (automatic),95.65,5088.4,49+ Months,$90+,97.85384615384616,5,1,0,1,No,0.41,Yes,Medium Risk
5016-IBERQ,Male,0,Yes,No,23,Yes,Yes,Fiber optic,No,Yes,Yes,No,No,No,Month-to-month,No,Electronic check,84.25,1968.1,13-24 Months,$60-$89,85.5695652173913,4,0,0,0,No,0.5133333333333333,Yes,Medium Risk
1016-DJTSV,Male,1,No,No,8,Yes,No,Fiber optic,No,No,No,No,No,No,Month-to-month,Yes,Electronic check,69.7,572.85,7-12 Months,$60-$89,71.60625,1,0,0,1,No,0.77,Yes,High Risk
8433-WPJTV,Female,1,Yes,Yes,65,Yes,Yes,Fiber optic,No,No,Yes,Yes,Yes,Yes,One year,Yes,Bank transfer (automatic),103.9,6767.1,49+ Months,$90+,104.10923076923078,6,1,1,1,No,0.24333333333333335,No,Low Risk
8903-XEBGX,Male,0,No,Yes,2,Yes,No,DSL,No,No,No,No,No,Yes,Month-to-month,Yes,Electronic check,55.3,108.65,0-6 Months,$30-$59,54.325,2,0,0,1,No,0.7866666666666666,Yes,High Risk
2632-TACXW,Female,0,Yes,No,62,Yes,Yes,No,No internet service,No internet service,No internet service,No internet service,No internet service,No internet service,Two year,No,Bank transfer (automatic),23.65,1416.75,49+ Months,Below $30,22.850806451612904,2,0,1,0,No,0.0033333333333333335,No,Low Risk
7952-OBOYL,Male,0,No,No,3,Yes,No,Fiber optic,No,No,Yes,Yes,Yes,No,Month-to-month,Yes,Mailed check,89.85,244.45,0-6 Months,$60-$89,81.48333333333333,4,1,0,1,No,0.9133333333333333,Yes,High Risk
1470-PSXNM,Male,0,Yes,Yes,49,Yes,Yes,Fiber optic,No,Yes,Yes,No,Yes,No,One year,Yes,Electronic check,93.65,4520.15,49+ Months,$90+,92.24795918367346,5,0,1,1,No,0.2966666666666667,No,Low Risk
6227-HWPWX,Female,0,No,Yes,15,Yes,No,Fiber optic,No,No,No,No,No,No,Month-to-month,No,Bank transfer (automatic),69.0,994.8,13-24 Months,$60-$89,66.32,1,0,0,0,Yes,0.33666666666666667,No,Low Risk
5924-SNGKP,Female,0,No,Yes,41,Yes,No,No,No internet service,No internet service,No internet service,No internet service,No internet service,No internet service,One year,Yes,Credit card (automatic),20.25,865.0,25-48 Months,Below $30,21.09756097560976,1,0,1,1,No,0.0033333333333333335,No,Low Risk
8818-DOPVL,Female,1,No,No,46,Yes,Yes,Fiber optic,No,Yes,Yes,No,Yes,Yes,Month-to-month,Yes,Electronic check,104.45,4863.85,25-48 Months,$90+,105.7358695652174,6,0,0,1,No,0.5666666666666667,Yes,Medium Risk
4521-WFJAI,Male,0,No,No,56,Yes,Yes,No,No internet service,No internet service,No internet service,No internet service,No internet service,No internet service,Two year,Yes,Bank transfer (automatic),25.95,1444.05,49+ Months,Below $30,25.786607142857143,2,0,1,1,No,0.09333333333333334,No,Low Risk
4724-WXVWF,Male,0,No,No,48,Yes,Yes,Fiber optic,Yes,No,No,Yes,No,Yes,Month-to-month,Yes,Electronic check,95.4,4445.3,25-48 Months,$90+,92.61041666666668,5,1,0,1,No,0.5166666666666667,Yes,Medium Risk
3717-OEAUQ,Male,0,No,No,2,Yes,No,Fiber optic,No,No,No,No,No,No,Month-to-month,No,Mailed check,70.7,129.2,0-6 Months,$60-$89,64.6,1,0,0,0,No,0.7822222222222222,Yes,High Risk
8165-ZJRNM,Female,0,Yes,Yes,72,Yes,Yes,No,No internet service,No internet service,No internet service,No internet service,No internet service,No internet service,Two year,No,Bank transfer (automatic),23.75,1679.25,49+ Months,Below $30,23.322916666666668,2,0,1,0,No,0.0,No,Low Risk
7838-LAZFO,Male,0,Yes,No,45,Yes,No,DSL,Yes,Yes,Yes,No,Yes,Yes,One year,No,Bank transfer (automatic),78.8,3597.5,25-48 Months,$60-$89,79.94444444444444,6,1,1,0,No,0.18333333333333332,No,Low Risk
0513-RBGPE,Male,0,Yes,Yes,37,Yes,Yes,DSL,Yes,No,Yes,Yes,No,No,Two year,Yes,Credit card (automatic),62.8,2278.75,25-48 Months,$60-$89,61.58783783783784,5,1,1,1,No,0.023333333333333334,No,Low Risk
7251-XFOIL,Female,0,No,No,61,Yes,Yes,Fiber optic,No,No,Yes,No,No,Yes,Month-to-month,No,Mailed check,89.2,5500.6,49+ Months,$60-$89,90.17377049180328,4,0,0,0,No,0.36333333333333334,No,Low Risk
2525-GVKQU,Female,0,No,No,60,Yes,No,No,No internet service,No internet service,No internet service,No internet service,No internet service,No internet service,Two year,No,Mailed check,20.6,1093.0,49+ Months,Below $30,18.216666666666665,1,0,1,0,No,0.19,No,Low Risk
7579-OOPEC,Female,1,Yes,No,2,Yes,No,DSL,No,Yes,No,No,No,No,Month-to-month,No,Credit card (automatic),50.15,115.1,0-6 Months,$30-$59,57.55,2,0,0,0,Yes,0.6033333333333334,Yes,Medium Risk
3795-GWTRD,Female,0,Yes,Yes,63,Yes,No,DSL,Yes,Yes,Yes,Yes,Yes,No,Two year,No,Credit card (automatic),75.55,4707.85,49+ Months,$60-$89,74.72777777777779,6,1,1,0,No,0.05,No,Low Risk
4750-ZRXIU,Female,1,No,No,4,Yes,Yes,Fiber optic,No,No,No,No,No,Yes,Month-to-month,Yes,Electronic check,84.6,360.1,0-6 Months,$60-$89,90.025,3,0,0,1,Yes,0.9833333333333333,Yes,High Risk
5445-PZWGX,Male,0,No,No,62,Yes,Yes,Fiber optic,Yes,Yes,No,Yes,No,Yes,One year,No,Electronic check,102.0,6529.25,49+ Months,$90+,105.31048387096774,6,1,1,0,Yes,0.24666666666666667,No,Low Risk
0516-UXRMT,Female,0,No,No,62,Yes,Yes,Fiber optic,Yes,Yes,Yes,No,No,No,One year,Yes,Electronic check,92.05,5755.8,49+ Months,$90+,92.83548387096776,5,1,1,1,No,0.15666666666666668,No,Low Risk
0727-BNRLG,Male,0,No,No,69,Yes,Yes,Fiber optic,No,Yes,Yes,Yes,Yes,No,Two year,Yes,Credit card (automatic),97.65,6743.55,49+ Months,$90+,97.73260869565216,6,1,1,1,No,0.06333333333333334,No,Low Risk
3932-CMDTD,Female,0,No,No,4,Yes,No,Fiber optic,No,Yes,Yes,Yes,Yes,Yes,One year,Yes,Electronic check,105.65,443.9,0-6 Months,$90+,110.975,6,1,1,1,Yes,0.44666666666666666,Yes,Medium Risk
1264-FUHCX,Female,0,Yes,No,49,No,No phone service,DSL,No,Yes,No,Yes,Yes,Yes,One year,Yes,Credit card (automatic),56.3,2780.6,49+ Months,$30-$59,56.7469387755102,4,1,1,1,No,0.18,No,Low Risk
6194-HBGQN,Male,0,No,No,51,Yes,Yes,DSL,Yes,Yes,Yes,Yes,Yes,No,One year,Yes,Credit card (automatic),81.15,4126.2,49+ Months,$60-$89,80.90588235294118,7,1,1,1,No,0.14666666666666667,No,Low Risk
4524-QCSSM,Male,0,No,No,26,No,No phone service,DSL,Yes,Yes,No,No,No,Yes,Month-to-month,Yes,Bank transfer (automatic),44.65,1156.55,25-48 Months,$30-$59,44.482692307692304,3,1,0,1,No,0.35333333333333333,No,Low Risk
4570-QHXHL,Female,0,No,No,9,Yes,No,DSL,No,No,No,No,No,No,Month-to-month,Yes,Electronic check,43.75,405.7,7-12 Months,$30-$59,45.077777777777776,1,0,0,1,No,0.7833333333333333,Yes,High Risk
2972-YDYUW,Female,0,No,No,57,Yes,Yes,Fiber optic,No,Yes,No,Yes,No,Yes,One year,No,Electronic check,94.7,5468.95,49+ Months,$90+,95.94649122807016,5,1,1,0,No,0.18333333333333332,No,Low Risk
2061-VVFST,Female,0,Yes,No,37,Yes,No,No,No internet service,No internet service,No internet service,No internet service,No internet service,No internet service,Month-to-month,No,Bank transfer (automatic),19.5,805.2,25-48 Months,Below $30,21.762162162162163,1,0,0,0,No,0.49666666666666665,Yes,Medium Risk
6874-SGLHU,Male,0,No,No,30,Yes,No,Fiber optic,No,Yes,No,No,Yes,Yes,One year,Yes,Bank transfer (automatic),97.0,3021.3,25-48 Months,$90+,100.71,4,0,1,1,No,0.43,Yes,Medium Risk
9844-FELAJ,Female,1,Yes,Yes,70,Yes,Yes,Fiber optic,No,Yes,Yes,Yes,Yes,Yes,One year,Yes,Electronic check,107.9,7475.85,49+ Months,$90+,106.79785714285715,7,1,1,1,No,0.25,No,Low Risk
1902-XBTFB,Male,0,No,Yes,22,Yes,No,Fiber optic,No,Yes,Yes,No,Yes,No,Month-to-month,Yes,Electronic check,89.4,2001.5,13-24 Months,$60-$89,90.97727272727272,4,0,0,1,Yes,0.6666666666666666,Yes,Medium Risk
9039-RBEEE,Male,0,No,No,39,No,No phone service,DSL,Yes,Yes,No,Yes,Yes,No,Month-to-month,Yes,Credit card (automatic),48.95,1880.85,25-48 Months,$30-$59,48.22692307692307,4,1,0,1,Yes,0.19,No,Low Risk
9369-XFEHK,Female,1,Yes,No,33,Yes,Yes,Fiber optic,No,Yes,No,No,No,No,Month-to-month,Yes,Bank transfer (automatic),80.6,2656.5,25-48 Months,$60-$89,80.5,3,0,0,1,Yes,0.58,Yes,Medium Risk
3680-CTHUH,Male,0,No,No,60,Yes,Yes,Fiber optic,Yes,Yes,Yes,Yes,Yes,Yes,One year,Yes,Credit card (automatic),116.6,7049.5,49+ Months,$90+,117.49166666666666,8,1,1,1,No,0.24,No,Low Risk
3679-XASPY,Female,0,Yes,Yes,1,Yes,No,No,No internet service,No internet service,No internet service,No internet service,No internet service,No internet service,Month-to-month,No,Electronic check,19.45,19.45,0-6 Months,Below $30,19.45,1,0,0,0,No,0.61,Yes,Medium Risk
9089-UOWJG,Female,0,Yes,Yes,12,Yes,No,DSL,No,No,Yes,No,Yes,No,Month-to-month,Yes,Credit card (automatic),58.35,740.55,7-12 Months,$30-$59,61.7125,3,0,0,1,No,0.27,No,Low Risk
1574-DYCWE,Female,0,Yes,Yes,51,Yes,No,No,No internet service,No internet service,No internet service,No internet service,No internet service,No internet service,Two year,No,Mailed check,19.95,1028.75,49+ Months,Below $30,20.17156862745098,1,0,1,0,No,0.0,No,Low Risk
9779-DPNEJ,Female,0,Yes,Yes,22,Yes,No,Fiber optic,No,No,No,No,No,Yes,Month-to-month,Yes,Electronic check,80.15,1790.65,13-24 Months,$60-$89,81.39318181818182,2,0,0,1,No,0.48333333333333334,Yes,Medium Risk
2967-MXRAV,Male,0,Yes,Yes,1,Yes,No,No,No internet service,No internet service,No internet service,No internet service,No internet service,No internet service,One year,No,Mailed check,18.8,18.8,0-6 Months,Below $30,18.8,1,0,1,0,No,0.02666666666666667,No,Low Risk
0327-WFZSY,Male,0,Yes,Yes,39,Yes,Yes,Fiber optic,No,No,Yes,No,Yes,Yes,One year,No,Electronic check,100.0,3835.55,25-48 Months,$90+,98.3474358974359,5,0,1,0,No,0.33,No,Low Risk
1731-TVIUK,Female,0,No,No,4,Yes,Yes,Fiber optic,No,Yes,No,Yes,No,Yes,Month-to-month,Yes,Electronic check,93.5,362.2,0-6 Months,$90+,90.55,5,1,0,1,Yes,0.85,Yes,High Risk
7666-WKRON,Female,0,No,No,39,Yes,No,Fiber optic,No,No,Yes,Yes,No,No,Two year,Yes,Electronic check,80.45,3201.55,25-48 Months,$60-$89,82.09102564102565,3,1,1,1,Yes,0.13333333333333333,No,Low Risk
3865-ZYKAD,Male,1,Yes,No,69,Yes,Yes,Fiber optic,Yes,Yes,No,No,No,No,Month-to-month,Yes,Credit card (automatic),84.9,5785.65,49+ Months,$60-$89,83.85,4,1,0,1,No,0.22333333333333333,No,Low Risk
1465-LNTLJ,Male,1,Yes,No,8,Yes,No,DSL,No,No,Yes,Yes,No,Yes,Month-to-month,Yes,Credit card (automatic),64.4,581.7,7-12 Months,$60-$89,72.7125,4,1,0,1,No,0.25,No,Low Risk
2696-RZVZW,Male,0,Yes,No,68,Yes,Yes,No,No internet service,No internet service,No internet service,No internet service,No internet service,No internet service,Two year,No,Credit card (automatic),25.05,1629.2,49+ Months,Below $30,23.958823529411767,2,0,1,0,No,0.02,No,Low Risk
0685-MLYYM,Female,1,No,No,2,Yes,No,Fiber optic,No,No,No,No,No,No,Month-to-month,No,Electronic check,70.75,154.85,0-6 Months,$60-$89,77.425,1,0,0,0,Yes,0.8482222222222222,Yes,High Risk
2778-OCLGR,Male,1,Yes,No,24,No,No phone service,DSL,Yes,No,No,No,No,Yes,Month-to-month,No,Bank transfer (automatic),39.1,971.3,13-24 Months,$30-$59,40.47083333333333,2,1,0,0,Yes,0.6833333333333333,Yes,Medium Risk
3982-XWFZQ,Female,0,Yes,No,42,Yes,Yes,DSL,No,No,No,No,No,No,Month-to-month,Yes,Electronic check,50.25,2203.65,25-48 Months,$30-$59,52.46785714285714,2,0,0,1,Yes,0.16666666666666666,No,Low Risk
4759-PXTAN,Female,0,Yes,No,59,Yes,Yes,DSL,No,Yes,No,Yes,Yes,Yes,One year,Yes,Electronic check,80.1,4693.2,49+ Months,$60-$89,79.5457627118644,6,1,1,1,No,0.12,No,Low Risk
1448-PWKYE,Male,0,Yes,Yes,1,Yes,No,Fiber optic,No,No,No,No,No,Yes,Month-to-month,No,Electronic check,80.0,80.0,0-6 Months,$60-$89,80.0,2,0,0,0,Yes,0.83,Yes,High Risk
8741-LQOBK,Female,0,Yes,Yes,46,No,No phone service,DSL,Yes,Yes,No,No,No,No,Month-to-month,No,Bank transfer (automatic),35.05,1620.25,25-48 Months,$30-$59,35.22282608695652,2,1,0,0,No,0.3933333333333333,No,Low Risk
8650-RHRKE,Male,0,No,No,4,No,No phone service,DSL,No,No,Yes,No,No,No,Month-to-month,Yes,Electronic check,29.65,118.5,0-6 Months,Below $30,29.625,1,0,0,1,Yes,0.6566666666666666,Yes,Medium Risk
7266-GSSJX,Male,0,Yes,Yes,11,Yes,No,No,No internet service,No internet service,No internet service,No internet service,No internet service,No internet service,Month-to-month,Yes,Electronic check,20.45,250.8,7-12 Months,Below $30,22.8,1,0,0,1,No,0.04,No,Low Risk
1265-HVPZB,Male,0,Yes,No,59,Yes,No,DSL,Yes,Yes,Yes,No,Yes,No,One year,No,Credit card (automatic),66.4,3958.2,49+ Months,$60-$89,67.08813559322033,5,1,1,0,No,0.33666666666666667,No,Low Risk
9640-ZSLDC,Female,0,Yes,Yes,53,Yes,No,DSL,No,No,Yes,No,No,Yes,One year,No,Credit card (automatic),60.6,3297.0,49+ Months,$60-$89,62.20754716981132,3,0,1,0,No,0.08333333333333333,No,Low Risk
0988-JRWWP,Female,0,No,No,3,Yes,No,DSL,No,No,No,No,Yes,No,Month-to-month,Yes,Electronic check,54.2,140.4,0-6 Months,$30-$59,46.8,2,0,0,1,No,0.6166666666666667,Yes,Medium Risk
1926-QUZNN,Female,0,Yes,No,72,Yes,Yes,No,No internet service,No internet service,No internet service,No internet service,No internet service,No internet service,Two year,Yes,Bank transfer (automatic),25.25,1841.2,49+ Months,Below $30,25.572222222222223,2,0,1,1,No,0.006666666666666667,No,Low Risk
9025-ZRPVR,Male,0,No,No,9,Yes,No,No,No internet service,No internet service,No internet service,No internet service,No internet service,No internet service,Month-to-month,Yes,Mailed check,18.95,185.6,7-12 Months,Below $30,20.62222222222222,1,0,0,1,Yes,0.06,No,Low Risk
6527-PZFPV,Male,0,Yes,Yes,24,Yes,No,No,No internet service,No internet service,No internet service,No internet service,No internet service,No internet service,One year,Yes,Credit card (automatic),20.8,469.65,13-24 Months,Below $30,19.56875,1,0,1,1,No,0.01,No,Low Risk
7460-ITWWP,Female,1,Yes,No,45,Yes,No,Fiber optic,No,No,Yes,No,No,Yes,Month-to-month,Yes,Electronic check,86.1,3861.45,25-48 Months,$60-$89,85.81,3,0,0,1,No,0.7866666666666666,Yes,High Risk
1530-ZTDOZ,Female,0,Yes,No,49,No,No phone service,DSL,Yes,No,No,No,Yes,No,Month-to-month,No,Bank transfer (automatic),40.65,2070.75,49+ Months,$30-$59,42.26020408163265,2,1,0,0,No,0.19666666666666666,No,Low Risk
4785-FCIFB,Female,0,Yes,No,61,Yes,Yes,No,No internet service,No internet service,No internet service,No internet service,No internet service,No internet service,Two year,No,Mailed check,24.4,1417.9,49+ Months,Below $30,23.24426229508197,2,0,1,0,No,0.0033333333333333335,No,Low Risk
9717-QEBGU,Male,0,No,No,2,Yes,No,Fiber optic,No,No,No,No,No,No,Month-to-month,Yes,Electronic check,70.3,144.0,0-6 Months,$60-$89,72.0,1,0,0,1,No,0.5166666666666667,Yes,Medium Risk
0876-WDUUZ,Female,0,No,No,5,Yes,No,Fiber optic,No,No,No,Yes,No,Yes,Month-to-month,Yes,Credit card (automatic),85.4,425.9,0-6 Months,$60-$89,85.17999999999999,3,1,0,1,Yes,0.7533333333333333,Yes,High Risk
7881-EVUAD,Female,0,No,No,2,No,No phone service,DSL,Yes,Yes,No,No,No,Yes,Month-to-month,Yes,Electronic check,42.6,72.4,0-6 Months,$30-$59,36.2,3,1,0,1,Yes,0.79,Yes,High Risk
4002-BQWPQ,Male,0,No,No,25,Yes,Yes,DSL,Yes,Yes,Yes,Yes,No,Yes,Month-to-month,No,Bank transfer (automatic),81.75,2028.8,25-48 Months,$60-$89,81.152,7,1,0,0,No,0.23,No,Low Risk
6377-WHAOX,Female,0,Yes,No,60,Yes,Yes,Fiber optic,No,Yes,Yes,No,Yes,Yes,Month-to-month,Yes,Electronic check,106.15,6411.25,49+ Months,$90+,106.85416666666669,6,0,0,1,No,0.5766666666666667,Yes,Medium Risk
5027-YOCXN,Male,0,Yes,Yes,51,Yes,Yes,Fiber optic,Yes,Yes,No,Yes,Yes,Yes,One year,No,Credit card (automatic),110.05,5686.4,49+ Months,$90+,111.49803921568626,7,1,1,0,No,0.3,No,Low Risk
8450-JOVAH,Male,0,Yes,Yes,2,Yes,Yes,DSL,Yes,No,No,No,No,No,Month-to-month,No,Mailed check,56.7,113.55,0-6 Months,$30-$59,56.775,3,1,0,0,Yes,0.41333333333333333,Yes,Medium Risk
6646-QVXLR,Male,1,Yes,No,62,Yes,Yes,Fiber optic,No,Yes,Yes,No,Yes,Yes,One year,Yes,Electronic check,103.75,6383.35,49+ Months,$90+,102.95725806451614,6,0,1,1,Yes,0.23,No,Low Risk
0254-KCJGT,Male,0,Yes,No,52,Yes,Yes,DSL,Yes,Yes,Yes,Yes,No,Yes,One year,Yes,Credit card (automatic),81.4,4354.45,49+ Months,$60-$89,83.73942307692307,7,1,1,1,No,0.22666666666666666,No,Low Risk
3442-ZHHCC,Male,0,No,No,68,Yes,Yes,DSL,Yes,Yes,Yes,No,No,Yes,One year,Yes,Credit card (automatic),76.9,5023.0,49+ Months,$60-$89,73.86764705882354,6,1,1,1,No,0.32666666666666666,No,Low Risk
9167-APMXZ,Female,0,No,No,22,Yes,Yes,Fiber optic,No,No,No,No,Yes,No,Month-to-month,Yes,Bank transfer (automatic),84.15,1821.95,13-24 Months,$60-$89,82.81590909090909,3,0,0,1,No,0.4533333333333333,Yes,Medium Risk
0616-ATFGB,Male,1,Yes,No,1,No,No phone service,DSL,No,No,No,No,No,No,Month-to-month,No,Electronic check,25.05,25.05,0-6 Months,Below $30,25.05,0,0,0,0,Yes,0.8266666666666667,Yes,High Risk
7273-TEFQD,Male,1,No,No,3,No,No phone service,DSL,No,No,Yes,No,No,Yes,Month-to-month,Yes,Electronic check,41.15,132.2,0-6 Months,$30-$59,44.06666666666666,2,0,0,1,Yes,0.8766666666666667,Yes,High Risk
8245-UMPYT,Female,1,No,No,16,Yes,Yes,Fiber optic,No,No,No,No,Yes,Yes,Month-to-month,Yes,Electronic check,96.4,1581.2,13-24 Months,$90+,98.825,4,0,0,1,Yes,0.8966666666666666,Yes,High Risk
6022-UGGSO,Female,1,No,No,32,Yes,No,Fiber optic,No,Yes,No,No,No,No,Month-to-month,Yes,Electronic check,74.4,2276.95,25-48 Months,$60-$89,71.1546875,2,0,0,1,Yes,0.5766666666666667,Yes,Medium Risk
6292-TOSSS,Male,0,No,No,50,Yes,Yes,No,No internet service,No internet service,No internet service,No internet service,No internet service,No internet service,Two year,No,Bank transfer (automatic),24.9,1195.25,49+ Months,Below $30,23.905,2,0,1,0,No,0.11333333333333333,No,Low Risk
5207-PLSTK,Male,0,Yes,Yes,1,Yes,No,DSL,Yes,No,No,No,No,No,Month-to-month,Yes,Mailed check,48.75,48.75,0-6 Months,$30-$59,48.75,2,1,0,1,No,0.6466666666666666,Yes,Medium Risk
3908-BLSYF,Female,0,No,No,6,Yes,No,Fiber optic,No,No,Yes,No,No,Yes,Month-to-month,No,Electronic check,83.9,497.55,0-6 Months,$60-$89,82.925,3,0,0,0,Yes,0.69,Yes,Medium Risk
4317-VTEOA,Male,0,No,No,1,Yes,No,DSL,No,Yes,No,No,No,No,Month-to-month,Yes,Electronic check,50.75,50.75,0-6 Months,$30-$59,50.75,2,0,0,1,Yes,0.5533333333333333,Yes,Medium Risk
0625-AFOHS,Female,0,Yes,Yes,29,Yes,No,No,No internet service,No internet service,No internet service,No internet service,No internet service,No internet service,Two year,No,Mailed check,20.2,558.8,25-48 Months,Below $30,19.268965517241377,1,0,1,0,No,0.006666666666666667,No,Low Risk
4667-OHGKG,Male,0,No,No,1,Yes,No,No,No internet service,No internet service,No internet service,No internet service,No internet service,No internet service,Month-to-month,Yes,Mailed check,19.3,19.3,0-6 Months,Below $30,19.3,1,0,0,1,Yes,0.375,No,Low Risk
2386-OWURY,Female,0,No,No,58,Yes,No,Fiber optic,No,No,No,Yes,Yes,Yes,Month-to-month,Yes,Electronic check,95.3,5817.7,49+ Months,$90+,100.3051724137931,4,1,0,1,No,0.4166666666666667,Yes,Medium Risk
3780-DDGSE,Male,1,Yes,Yes,35,Yes,No,DSL,No,Yes,No,Yes,Yes,Yes,Month-to-month,Yes,Electronic check,76.05,2747.2,25-48 Months,$60-$89,78.49142857142857,5,1,0,1,No,0.23333333333333334,No,Low Risk
1047-RNXZV,Male,0,No,No,43,Yes,No,No,No internet service,No internet service,No internet service,No internet service,No internet service,No internet service,Two year,No,Mailed check,19.55,876.15,25-48 Months,Below $30,20.375581395348835,1,0,1,0,No,0.006666666666666667,No,Low Risk
3926-YZVVX,Female,0,No,No,41,Yes,No,DSL,No,No,No,Yes,No,No,One year,No,Bank transfer (automatic),50.05,2029.05,25-48 Months,$30-$59,49.4890243902439,2,1,1,0,No,0.09,No,Low Risk
4742-TXUEX,Female,0,Yes,Yes,47,Yes,No,No,No internet service,No internet service,No internet service,No internet service,No internet service,No internet service,Two year,No,Bank transfer (automatic),19.3,890.5,25-48 Months,Below $30,18.9468085106383,1,0,1,0,No,0.006666666666666667,No,Low Risk
8709-KRDVL,Female,0,No,No,33,Yes,Yes,Fiber optic,No,Yes,No,No,Yes,Yes,Month-to-month,Yes,Electronic check,100.0,3320.6,25-48 Months,$90+,100.62424242424242,5,0,0,1,No,0.8866666666666667,Yes,High Risk
0397-ZXWQF,Male,0,No,No,67,Yes,No,No,No internet service,No internet service,No internet service,No internet service,No internet service,No internet service,Two year,No,Bank transfer (automatic),20.5,1430.95,49+ Months,Below $30,21.357462686567164,1,0,1,0,No,0.0033333333333333335,No,Low Risk
3910-MRQOY,Female,0,Yes,No,72,Yes,No,No,No internet service,No internet service,No internet service,No internet service,No internet service,No internet service,Two year,No,Bank transfer (automatic),19.4,1496.45,49+ Months,Below $30,20.78402777777778,1,0,1,0,No,0.0033333333333333335,No,Low Risk
2511-MORQY,Male,0,Yes,Yes,50,Yes,Yes,DSL,No,No,Yes,No,No,No,One year,No,Bank transfer (automatic),54.9,2614.1,49+ Months,$30-$59,52.282,3,0,1,0,No,0.15333333333333332,No,Low Risk
4039-PIMHX,Male,1,Yes,No,49,Yes,No,DSL,No,Yes,No,No,No,No,Two year,No,Mailed check,49.8,2398.4,49+ Months,$30-$59,48.946938775510205,2,0,1,0,No,0.17666666666666667,No,Low Risk
8083-YTZES,Male,0,No,No,4,Yes,Yes,Fiber optic,No,No,No,No,No,No,Month-to-month,Yes,Electronic check,74.35,265.35,0-6 Months,$60-$89,66.3375,2,0,0,1,Yes,0.84,Yes,High Risk
1346-PJWTK,Male,0,Yes,No,61,Yes,No,Fiber optic,No,Yes,Yes,Yes,No,Yes,Month-to-month,No,Credit card (automatic),94.15,5731.85,49+ Months,$90+,93.96475409836066,5,1,0,0,No,0.23,No,Low Risk
3750-YHRYO,Male,0,Yes,Yes,7,Yes,No,No,No internet service,No internet service,No internet service,No internet service,No internet service,No internet service,One year,No,Mailed check,20.65,150.0,7-12 Months,Below $30,21.428571428571427,1,0,1,0,No,0.03666666666666667,No,Low Risk
1236-WFCDV,Male,1,No,No,14,Yes,No,Fiber optic,No,No,No,No,Yes,Yes,Month-to-month,No,Credit card (automatic),90.45,1266.1,13-24 Months,$90+,90.43571428571428,3,0,0,0,Yes,0.58,Yes,Medium Risk
5949-HGVJL,Female,0,Yes,No,26,Yes,No,DSL,No,Yes,No,Yes,Yes,Yes,Month-to-month,Yes,Electronic check,73.05,1959.5,25-48 Months,$60-$89,75.36538461538461,5,1,0,1,No,0.26,No,Low Risk
9112-WSNPU,Female,1,No,No,35,Yes,No,Fiber optic,No,No,No,No,No,No,Month-to-month,No,Electronic check,70.55,2419.0,25-48 Months,$60-$89,69.11428571428571,1,0,0,0,No,0.65,Yes,Medium Risk
1360-JYXKQ,Female,1,Yes,No,54,Yes,No,Fiber optic,No,No,Yes,Yes,Yes,Yes,One year,Yes,Electronic check,99.1,5437.1,49+ Months,$90+,100.68703703703704,5,1,1,1,No,0.31333333333333335,No,Low Risk
3585-ISXZP,Female,0,No,No,8,Yes,Yes,Fiber optic,No,No,No,No,Yes,Yes,Month-to-month,No,Bank transfer (automatic),95.65,778.1,7-12 Months,$90+,97.2625,4,0,0,0,Yes,0.8866666666666667,Yes,High Risk
8380-PEFPE,Male,0,No,Yes,1,Yes,No,Fiber optic,No,No,No,No,No,No,Month-to-month,Yes,Electronic check,71.65,71.65,0-6 Months,$60-$89,71.65,1,0,0,1,Yes,0.8833333333333333,Yes,High Risk
9402-ROUMJ,Female,0,Yes,Yes,67,Yes,Yes,Fiber optic,Yes,No,Yes,Yes,No,Yes,One year,Yes,Bank transfer (automatic),100.25,6689.0,49+ Months,$90+,99.8358208955224,6,1,1,1,No,0.31333333333333335,No,Low Risk
4335-UPJSI,Female,0,No,Yes,24,Yes,No,No,No internet service,No internet service,No internet service,No internet service,No internet service,No internet service,Two year,No,Mailed check,19.75,498.1,13-24 Months,Below $30,20.754166666666663,1,0,1,0,No,0.013333333333333334,No,Low Risk
6096-EGVTU,Female,0,Yes,Yes,64,Yes,Yes,No,No internet service,No internet service,No internet service,No internet service,No internet service,No internet service,One year,No,Mailed check,24.9,1595.5,49+ Months,Below $30,24.9296875,2,0,1,0,No,0.013333333333333334,No,Low Risk
8988-ECPJR,Female,1,Yes,Yes,34,Yes,Yes,Fiber optic,No,Yes,No,No,No,No,Month-to-month,Yes,Mailed check,79.6,2718.3,25-48 Months,$60-$89,79.95,3,0,0,1,Yes,0.4166666666666667,Yes,Medium Risk
7677-SJJJK,Male,0,Yes,Yes,8,Yes,No,No,No internet service,No internet service,No internet service,No internet service,No internet service,No internet service,One year,No,Credit card (automatic),19.9,153.95,7-12 Months,Below $30,19.24375,1,0,1,0,No,0.08,No,Low Risk
5850-BDWCY,Female,0,No,No,6,Yes,No,No,No internet service,No internet service,No internet service,No internet service,No internet service,No internet service,Month-to-month,No,Mailed check,20.2,123.65,0-6 Months,Below $30,20.60833333333333,1,0,0,0,No,0.06666666666666667,No,Low Risk
2025-JKFWI,Male,0,No,No,13,Yes,Yes,Fiber optic,No,No,No,Yes,Yes,Yes,Month-to-month,Yes,Mailed check,99.0,1301.7,13-24 Months,$90+,100.13076923076925,5,1,0,1,Yes,0.5833333333333334,Yes,Medium Risk
8028-PNXHQ,Male,0,Yes,Yes,62,Yes,Yes,No,No internet service,No internet service,No internet service,No internet service,No internet service,No internet service,Two year,Yes,Bank transfer (automatic),24.25,1424.6,49+ Months,Below $30,22.97741935483871,2,0,1,1,No,0.013333333333333334,No,Low Risk
8397-MVTAZ,Male,0,Yes,No,34,Yes,Yes,Fiber optic,No,No,Yes,No,Yes,Yes,Month-to-month,Yes,Electronic check,100.05,3480.0,25-48 Months,$90+,102.3529411764706,5,0,0,1,Yes,0.7666666666666667,Yes,High Risk
4445-ZJNMU,Male,0,No,No,9,Yes,Yes,Fiber optic,No,Yes,No,No,Yes,Yes,Month-to-month,Yes,Credit card (automatic),99.3,918.75,7-12 Months,$90+,102.08333333333331,5,0,0,1,No,0.9366666666666666,Yes,High Risk
3125-RAHBV,Male,0,No,No,22,Yes,No,No,No internet service,No internet service,No internet service,No internet service,No internet service,No internet service,One year,No,Credit card (automatic),20.3,467.15,13-24 Months,Below $30,21.23409090909091,1,0,1,0,No,0.0033333333333333335,No,Low Risk
6682-QJDGB,Male,0,No,Yes,40,Yes,No,DSL,Yes,Yes,No,No,No,No,Month-to-month,Yes,Mailed check,55.25,2139.2,25-48 Months,$30-$59,53.48,3,1,0,1,Yes,0.09333333333333334,No,Low Risk
8840-DQLGN,Female,1,Yes,No,35,Yes,Yes,Fiber optic,Yes,Yes,No,Yes,Yes,No,Month-to-month,Yes,Bank transfer (automatic),100.5,3653.35,25-48 Months,$90+,104.38142857142856,6,1,0,1,Yes,0.38333333333333336,No,Low Risk
6258-NGCNG,Male,0,No,No,7,Yes,Yes,No,No internet service,No internet service,No internet service,No internet service,No internet service,No internet service,Month-to-month,No,Mailed check,23.5,173.0,7-12 Months,Below $30,24.714285714285715,2,0,0,0,No,0.37666666666666665,No,Low Risk
5917-RYRMG,Male,1,No,No,32,Yes,No,No,No internet service,No internet service,No internet service,No internet service,No internet service,No internet service,One year,No,Credit card (automatic),19.8,587.7,25-48 Months,Below $30,18.365625,1,0,1,0,No,0.0033333333333333335,No,Low Risk
7157-SMCFK,Male,0,No,Yes,61,Yes,No,No,No internet service,No internet service,No internet service,No internet service,No internet service,No internet service,Two year,No,Mailed check,19.75,1124.2,49+ Months,Below $30,18.42950819672131,1,0,1,0,No,0.2733333333333333,No,Low Risk
0816-TSPHQ,Male,0,No,No,2,Yes,No,No,No internet service,No internet service,No internet service,No internet service,No internet service,No internet service,Month-to-month,No,Mailed check,20.75,44.2,0-6 Months,Below $30,22.1,1,0,0,0,No,0.16666666666666666,No,Low Risk
6766-HFKLA,Female,0,Yes,No,56,Yes,Yes,Fiber optic,No,No,Yes,Yes,Yes,Yes,Two year,No,Bank transfer (automatic),103.2,5744.35,49+ Months,$90+,102.57767857142858,6,1,1,0,No,0.08666666666666667,No,Low Risk
7067-KSAZT,Female,1,Yes,No,65,Yes,Yes,Fiber optic,No,Yes,Yes,No,Yes,Yes,One year,Yes,Electronic check,106.25,6979.8,49+ Months,$90+,107.38153846153848,6,0,1,1,Yes,0.31,No,Low Risk
5155-AZQPB,Female,0,Yes,Yes,28,Yes,Yes,DSL,No,No,No,No,No,No,Month-to-month,No,Mailed check,49.9,1410.25,25-48 Months,$30-$59,50.36607142857143,2,0,0,0,No,0.08666666666666667,No,Low Risk
6890-PFRQX,Male,0,No,No,18,Yes,Yes,DSL,Yes,No,Yes,No,Yes,No,Month-to-month,No,Mailed check,69.5,1199.4,13-24 Months,$60-$89,66.63333333333334,5,1,0,0,No,0.14666666666666667,No,Low Risk
3508-VLHCZ,Female,0,Yes,Yes,71,Yes,Yes,DSL,Yes,Yes,Yes,Yes,Yes,Yes,Two year,Yes,Credit card (automatic),90.55,6239.05,49+ Months,$90+,87.87394366197184,8,1,1,1,No,0.0,No,Low Risk
3649-JPUGY,Male,0,No,No,72,Yes,Yes,DSL,No,Yes,Yes,Yes,Yes,Yes,Two year,Yes,Bank transfer (automatic),88.6,6201.95,49+ Months,$60-$89,86.13819444444444,7,1,1,1,No,0.01,No,Low Risk
9248-OJYKK,Male,1,No,No,1,Yes,Yes,Fiber optic,No,No,No,No,No,No,Month-to-month,Yes,Electronic check,76.45,76.45,0-6 Months,$60-$89,76.45,2,0,0,1,Yes,1.0,Yes,High Risk
7239-HZZCX,Male,0,No,No,1,Yes,No,No,No internet service,No internet service,No internet service,No internet service,No internet service,No internet service,Month-to-month,No,Mailed check,19.75,19.75,0-6 Months,Below $30,19.75,1,0,0,0,Yes,0.8226904761904762,Yes,High Risk
9860-LISIZ,Female,0,No,No,34,Yes,No,No,No internet service,No internet service,No internet service,No internet service,No internet service,No internet service,Month-to-month,No,Mailed check,20.35,673.2,25-48 Months,Below $30,19.8,1,0,0,0,No,0.06166666666666667,No,Low Risk
6979-ZNSFF,Female,0,No,No,8,Yes,Yes,Fiber optic,No,No,No,No,Yes,No,Month-to-month,Yes,Electronic check,87.05,762.1,7-12 Months,$60-$89,95.2625,3,0,0,1,Yes,0.7233333333333334,Yes,High Risk
8938-UMKPI,Female,0,No,No,47,Yes,Yes,Fiber optic,No,Yes,Yes,No,Yes,Yes,Month-to-month,Yes,Electronic check,106.4,5127.95,25-48 Months,$90+,109.10531914893616,6,0,0,1,Yes,0.5566666666666666,Yes,Medium Risk
1820-DJFPH,Female,0,Yes,Yes,72,Yes,Yes,No,No internet service,No internet service,No internet service,No internet service,No internet service,No internet service,Two year,Yes,Bank transfer (automatic),24.05,1709.15,49+ Months,Below $30,23.73819444444445,2,0,1,1,No,0.006666666666666667,No,Low Risk
0732-OCQOC,Female,0,Yes,Yes,52,Yes,Yes,No,No internet service,No internet service,No internet service,No internet service,No internet service,No internet service,Two year,Yes,Bank transfer (automatic),25.05,1270.25,49+ Months,Below $30,24.427884615384617,2,0,1,1,No,0.023333333333333334,No,Low Risk
6776-TLWOI,Male,0,No,No,3,Yes,No,No,No internet service,No internet service,No internet service,No internet service,No internet service,No internet service,Month-to-month,No,Mailed check,19.85,64.55,0-6 Months,Below $30,21.516666666666666,1,0,0,0,Yes,0.27,No,Low Risk
4940-KHCWD,Female,0,Yes,No,60,No,No phone service,DSL,Yes,Yes,No,Yes,No,No,Two year,No,Bank transfer (automatic),37.7,2288.7,49+ Months,$30-$59,38.145,3,1,1,0,No,0.01,No,Low Risk
9057-SIHCH,Female,0,No,No,3,Yes,Yes,Fiber optic,No,No,No,No,Yes,Yes,Month-to-month,Yes,Electronic check,96.6,291.9,0-6 Months,$90+,97.3,4,0,0,1,Yes,0.98,Yes,High Risk
9866-QEVEE,Male,0,No,No,19,Yes,Yes,Fiber optic,No,No,No,No,No,Yes,Month-to-month,Yes,Bank transfer (automatic),86.0,1532.45,13-24 Months,$60-$89,80.65526315789474,3,0,0,1,Yes,0.64,Yes,Medium Risk
5542-TBBWB,Male,0,No,No,1,Yes,No,Fiber optic,No,No,No,No,No,No,Month-to-month,Yes,Electronic check,69.9,69.9,0-6 Months,$60-$89,69.9,1,0,0,1,No,1.0,Yes,High Risk
4587-VVTOX,Female,0,Yes,No,6,Yes,Yes,Fiber optic,No,Yes,Yes,No,Yes,Yes,Month-to-month,Yes,Electronic check,105.3,545.2,0-6 Months,$90+,90.86666666666667,6,0,0,1,Yes,0.8933333333333333,Yes,High Risk
6322-HRPFA,Male,0,Yes,Yes,49,Yes,No,DSL,Yes,Yes,No,Yes,No,No,Month-to-month,No,Credit card (automatic),59.6,2970.3,49+ Months,$30-$59,60.61836734693878,4,1,0,0,No,0.18,No,Low Risk
6284-AHOOQ,Male,1,No,No,22,Yes,Yes,Fiber optic,No,No,No,Yes,Yes,No,Month-to-month,Yes,Bank transfer (automatic),90.5,1910.6,13-24 Months,$90+,86.84545454545454,4,1,0,1,Yes,0.45,Yes,Medium Risk
4530-NDRKU,Female,0,Yes,Yes,42,Yes,No,No,No internet service,No internet service,No internet service,No internet service,No internet service,No internet service,One year,Yes,Electronic check,19.05,761.85,25-48 Months,Below $30,18.13928571428572,1,0,1,1,No,0.04666666666666667,No,Low Risk
1751-NCDLI,Male,1,Yes,No,46,Yes,Yes,Fiber optic,No,No,Yes,No,Yes,Yes,Month-to-month,Yes,Electronic check,98.85,4564.9,25-48 Months,$90+,99.23695652173912,5,0,0,1,No,0.8966666666666666,Yes,High Risk
3893-JRNFS,Male,0,No,No,68,No,No phone service,DSL,No,No,Yes,No,No,Yes,Month-to-month,Yes,Bank transfer (automatic),39.9,2796.35,49+ Months,$30-$59,41.12279411764706,2,0,0,1,No,0.56,Yes,Medium Risk
5857-XRECV,Female,0,No,Yes,2,Yes,No,No,No internet service,No internet service,No internet service,No internet service,No internet service,No internet service,One year,No,Bank transfer (automatic),20.5,38.25,0-6 Months,Below $30,19.125,1,0,1,0,No,0.2,No,Low Risk
3115-CZMZD,Male,0,No,Yes,0,Yes,No,No,No internet service,No internet service,No internet service,No internet service,No internet service,No internet service,Two year,No,Mailed check,20.25,0.0,0-6 Months,Below $30,0.0,1,0,1,0,No,0.05333333333333334,No,Low Risk
4489-SNOJF,Female,0,Yes,Yes,35,Yes,Yes,DSL,Yes,No,Yes,Yes,Yes,No,Month-to-month,No,Electronic check,72.25,2568.55,25-48 Months,$60-$89,73.38714285714286,6,1,0,0,Yes,0.26,No,Low Risk
1051-GEJLJ,Female,0,No,No,2,Yes,No,No,No internet service,No internet service,No internet service,No internet service,No internet service,No internet service,Month-to-month,No,Mailed check,19.5,27.55,0-6 Months,Below $30,13.775,1,0,0,0,No,0.8504444444444446,Yes,High Risk
3563-SVYLG,Male,0,Yes,Yes,68,Yes,No,DSL,Yes,Yes,Yes,Yes,No,No,Two year,No,Credit card (automatic),62.65,4375.8,49+ Months,$60-$89,64.35000000000001,5,1,1,0,No,0.03,No,Low Risk
4301-VVZKA,Male,0,Yes,No,16,Yes,Yes,Fiber optic,No,No,No,No,No,No,Month-to-month,Yes,Electronic check,75.4,1189.4,13-24 Months,$60-$89,74.3375,2,0,0,1,No,0.5866666666666667,Yes,Medium Risk
9351-HXDMR,Male,0,Yes,No,72,Yes,Yes,Fiber optic,Yes,No,Yes,Yes,Yes,Yes,Two year,Yes,Credit card (automatic),110.9,8240.85,49+ Months,$90+,114.45625,7,1,1,1,No,0.14333333333333334,No,Low Risk
5161-XEUVX,Male,0,Yes,No,37,Yes,Yes,Fiber optic,No,No,Yes,Yes,Yes,No,Two year,No,Mailed check,94.3,3460.95,25-48 Months,$90+,93.5391891891892,5,1,1,0,No,0.07666666666666666,No,Low Risk
3088-FVYWK,Male,0,Yes,Yes,53,Yes,Yes,No,No internet service,No internet service,No internet service,No internet service,No internet service,No internet service,Two year,No,Credit card (automatic),25.55,1336.1,49+ Months,Below $30,25.20943396226415,2,0,1,0,No,0.056666666666666664,No,Low Risk
9812-GHVRI,Female,0,No,No,40,Yes,Yes,Fiber optic,No,No,No,No,No,Yes,Month-to-month,No,Bank transfer (automatic),83.85,3532.25,25-48 Months,$60-$89,88.30625,3,0,0,0,No,0.48333333333333334,Yes,Medium Risk
1370-GGAWX,Female,0,No,No,46,Yes,Yes,Fiber optic,No,Yes,Yes,No,No,Yes,One year,Yes,Electronic check,94.15,4408.45,25-48 Months,$90+,95.8358695652174,5,0,1,1,No,0.15666666666666668,No,Low Risk
6023-YEBUP,Male,0,No,No,3,Yes,Yes,Fiber optic,No,No,Yes,No,Yes,Yes,Month-to-month,Yes,Electronic check,100.95,329.95,0-6 Months,$90+,109.98333333333332,5,0,0,1,Yes,0.7133333333333334,Yes,High Risk
9940-RHLFB,Female,0,No,No,1,Yes,No,Fiber optic,No,No,Yes,No,No,No,Month-to-month,No,Electronic check,75.3,75.3,0-6 Months,$60-$89,75.3,2,0,0,0,Yes,0.5033333333333333,Yes,Medium Risk
4541-RMRLG,Male,0,No,No,7,Yes,No,No,No internet service,No internet service,No internet service,No internet service,No internet service,No internet service,Month-to-month,No,Electronic check,19.25,112.3,7-12 Months,Below $30,16.04285714285714,1,0,0,0,Yes,0.14666666666666667,No,Low Risk
2606-RMDHZ,Male,0,No,No,6,No,No phone service,DSL,No,Yes,No,No,No,No,Month-to-month,Yes,Credit card (automatic),30.5,208.7,0-6 Months,$30-$59,34.78333333333333,1,0,0,1,Yes,0.5066666666666667,Yes,Medium Risk
5575-TPIZQ,Male,0,No,No,46,Yes,Yes,Fiber optic,Yes,No,No,No,Yes,No,Month-to-month,Yes,Credit card (automatic),89.15,4245.55,25-48 Months,$60-$89,92.29456521739132,4,1,0,1,No,0.32666666666666666,No,Low Risk
9378-FXTIZ,Female,0,Yes,No,54,Yes,Yes,DSL,No,No,No,No,Yes,Yes,One year,Yes,Credit card (automatic),70.15,3715.65,49+ Months,$60-$89,68.80833333333334,4,0,1,1,Yes,0.10666666666666667,No,Low Risk
4631-OACRM,Male,1,No,No,15,Yes,No,Fiber optic,No,No,No,No,No,Yes,Month-to-month,Yes,Electronic check,79.4,1156.1,13-24 Months,$60-$89,77.07333333333332,2,0,0,1,Yes,0.47333333333333333,Yes,Medium Risk
8593-WHYHV,Male,0,No,No,3,Yes,Yes,Fiber optic,No,No,No,No,No,Yes,Month-to-month,Yes,Electronic check,85.3,264.8,0-6 Months,$60-$89,88.26666666666667,3,0,0,1,Yes,0.9233333333333333,Yes,High Risk
1403-GYAFU,Male,0,Yes,Yes,70,Yes,No,No,No internet service,No internet service,No internet service,No internet service,No internet service,No internet service,Two year,No,Credit card (automatic),20.05,1360.25,49+ Months,Below $30,19.432142857142857,1,0,1,0,No,0.0,No,Low Risk
7641-TQFHN,Male,0,No,Yes,39,Yes,Yes,Fiber optic,No,No,No,Yes,Yes,Yes,Two year,No,Mailed check,100.55,3895.35,25-48 Months,$90+,99.88076923076925,5,1,1,0,No,0.12,No,Low Risk
4237-CLSMM,Male,0,Yes,No,2,Yes,No,No,No internet service,No internet service,No internet service,No internet service,No internet service,No internet service,Month-to-month,No,Mailed check,20.0,38.0,0-6 Months,Below $30,19.0,1,0,0,0,No,0.19,No,Low Risk
4360-PNRQB,Male,0,No,No,18,Yes,Yes,Fiber optic,No,No,No,No,No,No,Month-to-month,Yes,Bank transfer (automatic),75.6,1395.05,13-24 Months,$60-$89,77.50277777777778,2,0,0,1,No,0.5,Yes,Medium Risk
5334-AFQJB,Male,1,No,No,72,Yes,Yes,No,No internet service,No internet service,No internet service,No internet service,No internet service,No internet service,Two year,Yes,Credit card (automatic),25.1,1789.9,49+ Months,Below $30,24.859722222222224,2,0,1,1,No,0.02,No,Low Risk
9308-ANMVE,Male,0,No,Yes,47,Yes,No,DSL,Yes,Yes,No,No,No,No,Month-to-month,Yes,Electronic check,55.3,2654.05,25-48 Months,$30-$59,56.46914893617021,3,1,0,1,No,0.17333333333333334,No,Low Risk
3530-VWVGU,Female,0,Yes,Yes,22,Yes,No,No,No internet service,No internet service,No internet service,No internet service,No internet service,No internet service,Month-to-month,No,Mailed check,19.9,400.3,13-24 Months,Below $30,18.195454545454545,1,0,0,0,No,0.03333333333333333,No,Low Risk
4674-HGNUA,Male,0,Yes,Yes,71,Yes,Yes,DSL,Yes,Yes,Yes,Yes,Yes,Yes,Two year,No,Credit card (automatic),89.9,6457.15,49+ Months,$60-$89,90.94577464788732,8,1,1,0,No,0.0,No,Low Risk
3030-YDNRM,Male,0,No,No,8,Yes,Yes,Fiber optic,No,No,No,No,No,No,Month-to-month,Yes,Electronic check,74.85,572.45,7-12 Months,$60-$89,71.55625,2,0,0,1,No,0.6833333333333333,Yes,Medium Risk
3642-BYHDO,Female,0,Yes,Yes,71,Yes,No,No,No internet service,No internet service,No internet service,No internet service,No internet service,No internet service,Two year,No,Bank transfer (automatic),19.9,1389.35,49+ Months,Below $30,19.56830985915493,1,0,1,0,No,0.0,No,Low Risk
0440-UEDAI,Female,0,No,No,53,Yes,No,Fiber optic,No,Yes,Yes,Yes,No,Yes,One year,Yes,Credit card (automatic),94.45,5042.75,49+ Months,$90+,95.14622641509432,5,1,1,1,No,0.15,No,Low Risk
9819-FBNSV,Male,1,Yes,No,37,Yes,No,Fiber optic,No,No,No,No,No,No,Month-to-month,Yes,Bank transfer (automatic),72.25,2575.45,25-48 Months,$60-$89,69.60675675675675,1,0,0,1,No,0.56,Yes,Medium Risk
9289-LBQVU,Male,0,Yes,No,64,Yes,Yes,DSL,No,Yes,No,Yes,No,Yes,One year,Yes,Mailed check,70.15,4480.7,49+ Months,$60-$89,70.0109375,5,1,1,1,No,0.2833333333333333,No,Low Risk
4468-YDOVK,Male,0,No,Yes,5,Yes,No,DSL,No,No,No,Yes,No,No,Month-to-month,Yes,Bank transfer (automatic),48.65,235.2,0-6 Months,$30-$59,47.04,2,1,0,1,No,0.6033333333333334,Yes,Medium Risk
2001-EWBQU,Female,0,No,No,60,Yes,Yes,Fiber optic,No,Yes,Yes,No,Yes,Yes,Two year,No,Electronic check,104.7,6333.8,49+ Months,$90+,105.56333333333332,6,0,1,0,No,0.16666666666666666,No,Low Risk
9992-UJOEL,Male,0,No,No,2,Yes,No,DSL,No,Yes,No,No,No,No,Month-to-month,Yes,Mailed check,50.3,92.75,0-6 Months,$30-$59,46.375,2,0,0,1,No,0.65,Yes,Medium Risk
8409-WQJUX,Female,0,No,No,25,No,No phone service,DSL,No,No,Yes,Yes,Yes,Yes,One year,No,Electronic check,54.2,1423.15,25-48 Months,$30-$59,56.926,4,1,1,0,No,0.09,No,Low Risk
3077-RSNTJ,Female,0,Yes,Yes,6,Yes,No,No,No internet service,No internet service,No internet service,No internet service,No internet service,No internet service,Month-to-month,No,Mailed check,19.7,113.5,0-6 Months,Below $30,18.916666666666668,1,0,0,0,No,0.23666666666666666,No,Low Risk
6993-YCOBK,Male,0,Yes,Yes,60,Yes,Yes,Fiber optic,Yes,No,Yes,Yes,Yes,Yes,Two year,Yes,Electronic check,110.6,6586.85,49+ Months,$90+,109.78083333333332,7,1,1,1,No,0.16333333333333333,No,Low Risk
4817-VYYWS,Female,0,No,No,30,Yes,Yes,Fiber optic,No,Yes,No,No,Yes,Yes,Month-to-month,Yes,Electronic check,100.2,2983.8,25-48 Months,$90+,99.46,5,0,0,1,Yes,0.8466666666666667,Yes,High Risk
4702-HDRKD,Male,0,No,No,67,No,No phone service,DSL,Yes,No,Yes,Yes,Yes,No,One year,Yes,Bank transfer (automatic),49.35,3321.35,49+ Months,$30-$59,49.57238805970149,4,1,1,1,No,0.03666666666666667,No,Low Risk
3251-YMVWZ,Male,0,No,No,53,Yes,Yes,No,No internet service,No internet service,No internet service,No internet service,No internet service,No internet service,One year,No,Bank transfer (automatic),24.05,1301.9,49+ Months,Below $30,24.56415094339623,2,0,1,0,No,0.19,No,Low Risk
4190-MFLUW,Female,0,Yes,Yes,10,Yes,No,DSL,No,No,Yes,Yes,No,No,Month-to-month,No,Credit card (automatic),55.2,528.35,7-12 Months,$30-$59,52.835,3,1,0,0,Yes,0.33666666666666667,No,Low Risk
4678-DVQEO,Female,0,No,No,1,Yes,No,DSL,No,No,No,Yes,No,No,Month-to-month,Yes,Electronic check,52.2,52.2,0-6 Months,$30-$59,52.2,2,1,0,1,Yes,0.93,Yes,High Risk
4701-AHWMW,Male,0,Yes,No,55,No,No phone service,DSL,No,No,Yes,Yes,Yes,Yes,Month-to-month,Yes,Bank transfer (automatic),54.55,2978.3,49+ Months,$30-$59,54.150909090909096,4,1,0,1,Yes,0.14,No,Low Risk
2987-BJXIK,Female,0,No,No,70,Yes,Yes,DSL,Yes,Yes,Yes,No,Yes,Yes,Two year,No,Mailed check,84.7,5991.05,49+ Months,$60-$89,85.58642857142857,7,1,1,0,No,0.006666666666666667,No,Low Risk
1730-VFMWO,Female,0,Yes,No,34,Yes,No,DSL,No,No,No,Yes,No,No,Month-to-month,No,Bank transfer (automatic),50.2,1815.3,25-48 Months,$30-$59,53.39117647058824,2,1,0,0,No,0.12666666666666668,No,Low Risk
1936-UAFEH,Female,0,No,No,68,Yes,Yes,Fiber optic,Yes,Yes,No,Yes,Yes,Yes,Two year,No,Credit card (automatic),110.25,7279.35,49+ Months,$90+,107.04926470588236,7,1,1,0,No,0.2633333333333333,No,Low Risk
5140-FOMCQ,Female,0,Yes,No,59,Yes,Yes,Fiber optic,Yes,Yes,Yes,No,Yes,Yes,One year,Yes,Credit card (automatic),109.15,6557.75,49+ Months,$90+,111.14830508474576,7,1,1,1,No,0.23333333333333334,No,Low Risk
8778-LMWTJ,Female,0,No,No,9,Yes,No,Fiber optic,Yes,No,No,No,No,No,Month-to-month,Yes,Electronic check,74.85,708.2,7-12 Months,$60-$89,78.6888888888889,2,1,0,1,No,0.8166666666666667,Yes,High Risk
9840-DVNDC,Male,0,No,No,6,Yes,No,Fiber optic,No,No,No,No,Yes,No,Month-to-month,Yes,Credit card (automatic),80.5,463.05,0-6 Months,$60-$89,77.175,2,0,0,1,Yes,0.7033333333333334,Yes,High Risk
8033-VCZGH,Male,0,Yes,No,50,Yes,Yes,Fiber optic,Yes,No,Yes,No,Yes,Yes,One year,Yes,Electronic check,103.95,5231.3,49+ Months,$90+,104.626,6,1,1,1,No,0.4033333333333333,Yes,Medium Risk
8580-QVLOC,Female,1,Yes,Yes,72,Yes,Yes,DSL,Yes,Yes,Yes,Yes,Yes,Yes,Two year,No,Credit card (automatic),92.45,6440.25,49+ Months,$90+,89.44791666666667,8,1,1,0,Yes,0.03333333333333333,No,Low Risk
6128-AQBMT,Male,1,Yes,No,41,No,No phone service,DSL,No,Yes,Yes,No,Yes,Yes,Month-to-month,Yes,Electronic check,53.95,2215.4,25-48 Months,$30-$59,54.03414634146342,4,0,0,1,No,0.67,Yes,Medium Risk
6257-RJOHI,Male,0,No,No,4,Yes,No,DSL,No,No,No,Yes,No,No,Month-to-month,Yes,Mailed check,50.8,202.3,0-6 Months,$30-$59,50.575,2,1,0,1,No,0.31333333333333335,No,Low Risk
1929-ZCBHE,Male,0,Yes,Yes,47,No,No phone service,DSL,Yes,No,Yes,Yes,No,No,One year,No,Electronic check,40.3,1794.8,25-48 Months,$30-$59,38.18723404255319,3,1,1,0,No,0.15666666666666668,No,Low Risk
6242-SGYTS,Male,0,Yes,Yes,62,Yes,Yes,Fiber optic,Yes,Yes,No,No,Yes,No,One year,Yes,Credit card (automatic),94.95,5791.85,49+ Months,$90+,93.41693548387096,5,1,1,1,No,0.18333333333333332,No,Low Risk
7010-ZMVBF,Female,0,Yes,Yes,18,Yes,No,No,No internet service,No internet service,No internet service,No internet service,No internet service,No internet service,Month-to-month,No,Mailed check,20.45,357.0,13-24 Months,Below $30,19.83333333333333,1,0,0,0,No,0.056666666666666664,No,Low Risk
3519-ZKXGG,Female,0,Yes,No,3,Yes,Yes,Fiber optic,No,No,No,No,No,No,Month-to-month,Yes,Electronic check,75.85,256.6,0-6 Months,$60-$89,85.53333333333335,2,0,0,1,Yes,0.92,Yes,High Risk
5666-MBJPT,Male,0,No,No,65,Yes,Yes,No,No internet service,No internet service,No internet service,No internet service,No internet service,No internet service,Two year,Yes,Bank transfer (automatic),25.1,1725.0,49+ Months,Below $30,26.53846153846154,2,0,1,1,No,0.013333333333333334,No,Low Risk
3313-QKNKB,Male,0,Yes,No,59,Yes,Yes,Fiber optic,No,No,No,No,No,Yes,One year,No,Electronic check,85.55,5084.65,49+ Months,$60-$89,86.18050847457627,3,0,1,0,Yes,0.28,No,Low Risk
7581-EBBOU,Female,0,No,No,60,Yes,No,DSL,No,Yes,Yes,Yes,Yes,No,One year,Yes,Credit card (automatic),70.15,4224.7,49+ Months,$60-$89,70.41166666666666,5,1,1,1,No,0.09666666666666666,No,Low Risk
1784-BXEFA,Female,0,No,No,10,Yes,No,No,No internet service,No internet service,No internet service,No internet service,No internet service,No internet service,Month-to-month,Yes,Mailed check,20.55,187.35,7-12 Months,Below $30,18.735,1,0,0,1,No,0.02666666666666667,No,Low Risk
7492-TAFJD,Male,0,Yes,Yes,7,No,No phone service,DSL,Yes,Yes,Yes,No,No,No,Two year,No,Mailed check,38.55,280.0,7-12 Months,$30-$59,40.0,3,1,1,0,No,0.10333333333333333,No,Low Risk
5213-TWWJU,Male,0,No,No,28,Yes,No,Fiber optic,No,No,Yes,Yes,No,Yes,Month-to-month,No,Electronic check,91.0,2626.15,25-48 Months,$90+,93.79107142857144,4,1,0,0,No,0.3333333333333333,No,Low Risk
3312-ZWLGF,Male,1,Yes,No,29,Yes,Yes,Fiber optic,No,No,No,Yes,No,No,Month-to-month,Yes,Electronic check,79.3,2414.55,25-48 Months,$60-$89,83.26034482758621,3,1,0,1,No,0.63,Yes,Medium Risk
2923-ARZLG,Male,0,Yes,Yes,0,Yes,No,No,No internet service,No internet service,No internet service,No internet service,No internet service,No internet service,One year,Yes,Mailed check,19.7,0.0,0-6 Months,Below $30,0.0,1,0,1,1,No,0.12333333333333334,No,Low Risk
7032-LMBHI,Female,0,No,No,37,Yes,Yes,DSL,Yes,No,No,No,Yes,No,One year,No,Bank transfer (automatic),64.65,2347.85,25-48 Months,$60-$89,63.4554054054054,4,1,1,0,No,0.04,No,Low Risk
8292-ITGYJ,Female,0,Yes,Yes,45,Yes,Yes,No,No internet service,No internet service,No internet service,No internet service,No internet service,No internet service,Two year,Yes,Bank transfer (automatic),24.65,1138.8,25-48 Months,Below $30,25.306666666666665,2,0,1,1,No,0.02,No,Low Risk
9107-UKCKY,Male,0,Yes,No,61,Yes,Yes,DSL,No,Yes,Yes,No,Yes,Yes,One year,Yes,Electronic check,79.8,4914.8,49+ Months,$60-$89,80.57049180327868,6,0,1,1,No,0.24666666666666667,No,Low Risk
6848-HJTXY,Female,0,Yes,No,64,Yes,No,No,No internet service,No internet service,No internet service,No internet service,No internet service,No internet service,Two year,No,Credit card (automatic),19.45,1208.6,49+ Months,Below $30,18.884375,1,0,1,0,No,0.0033333333333333335,No,Low Risk
4184-VODJZ,Male,0,Yes,Yes,63,Yes,Yes,Fiber optic,No,Yes,No,No,No,Yes,One year,Yes,Electronic check,91.35,5764.7,49+ Months,$90+,91.5031746031746,4,0,1,1,No,0.2,No,Low Risk
4846-WHAFZ,Female,1,Yes,No,37,Yes,Yes,Fiber optic,No,No,No,No,No,No,Month-to-month,Yes,Electronic check,76.5,2868.15,25-48 Months,$60-$89,77.51756756756757,2,0,0,1,Yes,0.6466666666666666,Yes,Medium Risk
8735-SDUFN,Female,1,Yes,No,72,Yes,Yes,No,No internet service,No internet service,No internet service,No internet service,No internet service,No internet service,Two year,No,Bank transfer (automatic),24.3,1778.7,49+ Months,Below $30,24.704166666666666,2,0,1,0,No,0.0033333333333333335,No,Low Risk
0839-JTCUD,Female,0,Yes,Yes,66,Yes,Yes,DSL,Yes,Yes,Yes,Yes,Yes,Yes,Two year,No,Credit card (automatic),89.9,5958.85,49+ Months,$60-$89,90.28560606060609,8,1,1,0,No,0.01,No,Low Risk
6857-VWJDT,Female,0,No,No,1,Yes,Yes,Fiber optic,No,No,No,No,Yes,Yes,Month-to-month,No,Mailed check,95.65,95.65,0-6 Months,$90+,95.65,4,0,0,0,Yes,0.8666666666666667,Yes,High Risk
7363-QTBIW,Female,0,Yes,No,9,Yes,No,Fiber optic,No,No,No,No,No,Yes,Month-to-month,Yes,Electronic check,79.75,769.1,7-12 Months,$60-$89,85.45555555555556,2,0,0,1,No,0.8666666666666667,Yes,High Risk
6158-HDPXZ,Male,0,No,No,1,No,No phone service,DSL,No,No,No,No,No,No,Month-to-month,No,Mailed check,25.35,25.35,0-6 Months,Below $30,25.35,0,0,0,0,No,0.73,Yes,High Risk
5419-CONWX,Female,1,No,No,4,Yes,No,Fiber optic,No,Yes,Yes,No,Yes,Yes,Month-to-month,Yes,Credit card (automatic),99.8,442.85,0-6 Months,$90+,110.7125,5,0,0,1,Yes,0.71,Yes,High Risk
9286-DOJGF,Female,1,Yes,No,38,Yes,Yes,Fiber optic,No,No,No,No,No,No,Month-to-month,Yes,Bank transfer (automatic),74.95,2869.85,25-48 Months,$60-$89,75.52236842105263,2,0,0,1,Yes,0.5033333333333333,Yes,Medium Risk
2408-PSJVE,Male,0,Yes,Yes,44,Yes,No,DSL,No,Yes,Yes,Yes,No,No,Month-to-month,Yes,Mailed check,61.9,2924.05,25-48 Months,$60-$89,66.45568181818182,4,1,0,1,No,0.17333333333333334,No,Low Risk
2087-QAREY,Female,0,Yes,No,22,Yes,No,DSL,No,Yes,Yes,No,No,No,Month-to-month,Yes,Mailed check,54.7,1178.75,13-24 Months,$30-$59,53.57954545454545,3,0,0,1,No,0.18666666666666668,No,Low Risk
6777-TGHTM,Female,0,No,No,53,Yes,Yes,Fiber optic,Yes,No,Yes,No,Yes,Yes,One year,Yes,Credit card (automatic),106.95,5785.5,49+ Months,$90+,109.16037735849056,6,1,1,1,Yes,0.4766666666666667,Yes,Medium Risk
6507-ZJSUR,Male,1,Yes,No,23,Yes,No,Fiber optic,No,No,No,No,Yes,Yes,Month-to-month,Yes,Electronic check,90.45,2117.25,13-24 Months,$90+,92.05434782608695,3,0,0,1,No,0.6866666666666666,Yes,Medium Risk
5025-GOOKI,Female,0,No,No,20,Yes,No,No,No internet service,No internet service,No internet service,No internet service,No internet service,No internet service,Month-to-month,Yes,Credit card (automatic),18.9,347.65,13-24 Months,Below $30,17.3825,1,0,0,1,No,0.15333333333333332,No,Low Risk
6080-LNESI,Male,0,No,No,51,Yes,Yes,No,No internet service,No internet service,No internet service,No internet service,No internet service,No internet service,Two year,No,Mailed check,24.75,1234.6,49+ Months,Below $30,24.2078431372549,2,0,1,0,No,0.043333333333333335,No,Low Risk
2236-HILPA,Male,0,Yes,Yes,62,Yes,No,No,No internet service,No internet service,No internet service,No internet service,No internet service,No internet service,Two year,No,Credit card (automatic),20.65,1218.45,49+ Months,Below $30,19.65241935483871,1,0,1,0,No,0.0,No,Low Risk
1386-ZIKUV,Male,0,No,No,7,Yes,No,No,No internet service,No internet service,No internet service,No internet service,No internet service,No internet service,Month-to-month,Yes,Mailed check,18.95,130.55,7-12 Months,Below $30,18.65,1,0,0,1,No,0.1,No,Low Risk
3365-SAIGS,Female,0,No,No,17,Yes,No,Fiber optic,No,Yes,No,No,Yes,No,Month-to-month,Yes,Electronic check,83.55,1329.15,13-24 Months,$60-$89,78.18529411764706,3,0,0,1,No,0.6133333333333333,Yes,Medium Risk
6061-GWWAV,Male,0,No,Yes,41,Yes,No,DSL,Yes,Yes,Yes,No,Yes,No,One year,No,Mailed check,70.2,2894.55,25-48 Months,$60-$89,70.59878048780489,5,1,1,0,No,0.13333333333333333,No,Low Risk
9979-RGMZT,Female,0,No,No,7,Yes,No,Fiber optic,No,Yes,No,No,Yes,Yes,One year,Yes,Mailed check,94.05,633.45,7-12 Months,$90+,90.49285714285716,4,0,1,1,No,0.55,Yes,Medium Risk
8445-DNBAE,Male,0,No,Yes,1,Yes,Yes,DSL,No,No,No,No,No,No,Month-to-month,Yes,Electronic check,50.05,50.05,0-6 Months,$30-$59,50.05,2,0,0,1,No,0.4166666666666667,Yes,Medium Risk
6872-HXFNF,Female,0,Yes,No,64,Yes,Yes,DSL,No,No,Yes,Yes,No,No,One year,No,Bank transfer (automatic),58.35,3756.45,49+ Months,$30-$59,58.69453125,4,1,1,0,No,0.013333333333333334,No,Low Risk
1320-HTRDR,Female,0,No,No,3,Yes,Yes,Fiber optic,No,No,No,No,No,No,Month-to-month,Yes,Electronic check,75.5,220.6,0-6 Months,$60-$89,73.53333333333333,2,0,0,1,Yes,0.8766666666666667,Yes,High Risk
3923-CSIHK,Female,1,Yes,No,50,Yes,No,Fiber optic,No,No,No,No,No,No,Month-to-month,Yes,Electronic check,71.05,3444.85,49+ Months,$60-$89,68.89699999999999,1,0,0,1,Yes,0.5666666666666667,Yes,Medium Risk
2446-ZKVAF,Male,0,Yes,No,18,Yes,Yes,DSL,No,Yes,No,No,No,No,Month-to-month,No,Credit card (automatic),56.8,1074.65,13-24 Months,$30-$59,59.70277777777778,3,0,0,0,No,0.19,No,Low Risk
4640-UHDOS,Female,0,Yes,Yes,13,Yes,No,DSL,No,No,No,No,No,Yes,Month-to-month,No,Electronic check,55.95,734.35,13-24 Months,$30-$59,56.48846153846154,2,0,0,0,Yes,0.37333333333333335,No,Low Risk
5457-COLHT,Male,0,Yes,Yes,69,Yes,No,DSL,Yes,Yes,No,Yes,Yes,Yes,Two year,No,Bank transfer (automatic),80.65,5542.55,49+ Months,$60-$89,80.3268115942029,6,1,1,0,No,0.03,No,Low Risk
2254-DLXRI,Female,0,No,No,1,Yes,Yes,Fiber optic,No,Yes,No,No,No,No,Month-to-month,Yes,Mailed check,79.15,79.15,0-6 Months,$60-$89,79.15,3,0,0,1,No,0.94,Yes,High Risk
5339-PXDVH,Male,0,No,No,4,Yes,Yes,Fiber optic,Yes,No,No,No,Yes,No,Month-to-month,No,Electronic check,90.65,367.95,0-6 Months,$90+,91.9875,4,1,0,0,No,0.5033333333333333,Yes,Medium Risk
2386-LAHRK,Male,0,No,No,1,Yes,No,DSL,No,No,No,No,Yes,No,Month-to-month,Yes,Mailed check,53.5,53.5,0-6 Months,$30-$59,53.5,2,0,0,1,Yes,0.8833333333333333,Yes,High Risk
5062-CJJKH,Male,0,Yes,Yes,25,Yes,No,DSL,No,Yes,Yes,No,No,No,One year,No,Mailed check,53.65,1355.45,25-48 Months,$30-$59,54.218,3,0,1,0,No,0.13333333333333333,No,Low Risk
8930-XOTDP,Female,0,Yes,Yes,18,Yes,No,DSL,No,No,No,No,Yes,No,Month-to-month,No,Mailed check,55.95,1082.8,13-24 Months,$30-$59,60.15555555555555,2,0,0,0,No,0.3566666666666667,No,Low Risk
4779-ZGICK,Male,0,Yes,Yes,48,Yes,Yes,No,No internet service,No internet service,No internet service,No internet service,No internet service,No internet service,Two year,No,Mailed check,23.55,1173.35,25-48 Months,Below $30,24.444791666666664,2,0,1,0,No,0.0,No,Low Risk
9534-NSXEM,Male,0,No,No,26,Yes,No,No,No internet service,No internet service,No internet service,No internet service,No internet service,No internet service,One year,Yes,Credit card (automatic),20.65,595.5,25-48 Months,Below $30,22.903846153846157,1,0,1,1,No,0.0,No,Low Risk
3716-BDVDB,Male,0,No,No,1,Yes,No,Fiber optic,No,No,No,No,No,No,Month-to-month,Yes,Electronic check,69.1,69.1,0-6 Months,$60-$89,69.1,1,0,0,1,Yes,0.98,Yes,High Risk
9842-EFSYY,Female,0,No,Yes,4,No,No phone service,DSL,Yes,Yes,Yes,No,Yes,Yes,Month-to-month,Yes,Mailed check,57.2,223.75,0-6 Months,$30-$59,55.9375,5,1,0,1,No,0.52,Yes,Medium Risk
9122-UMROB,Male,0,No,No,1,Yes,No,No,No internet service,No internet service,No internet service,No internet service,No internet service,No internet service,Month-to-month,No,Mailed check,20.3,20.3,0-6 Months,Below $30,20.3,1,0,0,0,No,0.04463492063492064,No,Low Risk
1867-BDVFH,Male,0,Yes,Yes,11,Yes,Yes,Fiber optic,No,No,No,No,No,No,Month-to-month,Yes,Electronic check,74.35,834.2,7-12 Months,$60-$89,75.83636363636364,2,0,0,1,Yes,0.73,Yes,High Risk
5949-EBSQK,Male,0,Yes,Yes,4,Yes,No,DSL,No,No,No,Yes,No,Yes,Month-to-month,No,Credit card (automatic),61.45,229.55,0-6 Months,$60-$89,57.3875,3,1,0,0,Yes,0.32,No,Low Risk
4160-AMJTL,Female,1,No,No,8,Yes,No,No,No internet service,No internet service,No internet service,No internet service,No internet service,No internet service,Month-to-month,No,Electronic check,19.65,164.3,7-12 Months,Below $30,20.5375,1,0,0,0,Yes,0.29,No,Low Risk
8622-ZLFKO,Female,0,Yes,No,6,Yes,Yes,Fiber optic,No,Yes,No,No,No,Yes,Month-to-month,Yes,Electronic check,90.75,512.25,0-6 Months,$90+,85.375,4,0,0,1,No,0.9633333333333334,Yes,High Risk
2990-IAJSV,Male,0,No,No,72,Yes,Yes,DSL,Yes,Yes,Yes,Yes,Yes,Yes,Two year,No,Bank transfer (automatic),92.0,6632.75,49+ Months,$90+,92.12152777777776,8,1,1,0,No,0.006666666666666667,No,Low Risk
6064-ZATLR,Female,0,No,No,27,Yes,No,DSL,Yes,Yes,No,No,No,No,Two year,No,Bank transfer (automatic),52.85,1498.65,25-48 Months,$30-$59,55.50555555555556,3,1,1,0,No,0.016666666666666666,No,Low Risk
7409-KIUTL,Female,1,No,Yes,1,Yes,No,Fiber optic,No,No,No,No,No,No,Month-to-month,Yes,Electronic check,71.0,71.0,0-6 Months,$60-$89,71.0,1,0,0,1,Yes,0.9566666666666667,Yes,High Risk
5505-OVWQW,Female,0,No,No,17,Yes,No,No,No internet service,No internet service,No internet service,No internet service,No internet service,No internet service,One year,No,Mailed check,20.15,353.65,13-24 Months,Below $30,20.802941176470583,1,0,1,0,No,0.013333333333333334,No,Low Risk
3948-KXDUF,Male,0,No,No,66,Yes,Yes,DSL,Yes,Yes,Yes,Yes,No,No,Two year,No,Bank transfer (automatic),68.75,4447.55,49+ Months,$60-$89,67.38712121212122,6,1,1,0,No,0.006666666666666667,No,Low Risk
9814-AOUDH,Male,0,No,No,53,Yes,No,No,No internet service,No internet service,No internet service,No internet service,No internet service,No internet service,Two year,No,Credit card (automatic),19.5,1050.5,49+ Months,Below $30,19.82075471698113,1,0,1,0,No,0.12,No,Low Risk
7398-LXGYX,Male,0,Yes,No,44,Yes,Yes,Fiber optic,Yes,No,Yes,No,No,No,Month-to-month,Yes,Credit card (automatic),84.8,3626.35,25-48 Months,$60-$89,82.41704545454546,4,1,0,1,No,0.3433333333333333,No,Low Risk
5266-PFRQK,Male,0,Yes,Yes,52,Yes,No,No,No internet service,No internet service,No internet service,No internet service,No internet service,No internet service,One year,Yes,Credit card (automatic),20.85,1071.6,49+ Months,Below $30,20.607692307692307,1,0,1,1,No,0.02,No,Low Risk
1568-BEKZM,Male,1,Yes,No,70,Yes,Yes,DSL,Yes,Yes,Yes,Yes,Yes,Yes,Two year,No,Credit card (automatic),90.05,6333.4,49+ Months,$90+,90.47714285714284,8,1,1,0,No,0.04,No,Low Risk
2692-PFYTJ,Female,0,No,No,1,Yes,Yes,No,No internet service,No internet service,No internet service,No internet service,No internet service,No internet service,Month-to-month,Yes,Mailed check,25.75,25.75,0-6 Months,Below $30,25.75,2,0,0,1,No,0.23888888888888885,No,Low Risk
2533-QVMSK,Male,0,Yes,No,61,Yes,Yes,Fiber optic,No,Yes,No,Yes,Yes,No,Two year,Yes,Electronic check,94.1,5638.3,49+ Months,$90+,92.43114754098362,5,1,1,1,Yes,0.09666666666666666,No,Low Risk
5828-AVIPD,Male,0,Yes,Yes,19,Yes,Yes,Fiber optic,No,No,No,Yes,Yes,Yes,One year,Yes,Electronic check,100.95,1875.55,13-24 Months,$90+,98.71315789473684,5,1,1,1,Yes,0.59,Yes,Medium Risk
2907-ILJBN,Female,0,Yes,Yes,11,Yes,No,No,No internet service,No internet service,No internet service,No internet service,No internet service,No internet service,One year,No,Mailed check,20.6,233.9,7-12 Months,Below $30,21.263636363636365,1,0,1,0,No,0.09666666666666666,No,Low Risk
5226-NOZFC,Male,0,No,No,26,Yes,No,Fiber optic,No,Yes,No,No,Yes,No,Month-to-month,Yes,Electronic check,85.75,2146.5,25-48 Months,$60-$89,82.5576923076923,3,0,0,1,No,0.74,Yes,High Risk
7114-AEOZE,Female,0,No,No,60,Yes,No,No,No internet service,No internet service,No internet service,No internet service,No internet service,No internet service,Two year,No,Bank transfer (automatic),19.85,1128.1,49+ Months,Below $30,18.801666666666662,1,0,1,0,No,0.043333333333333335,No,Low Risk
2202-CUYXZ,Male,0,No,No,1,Yes,No,Fiber optic,No,No,Yes,No,Yes,No,Month-to-month,Yes,Electronic check,84.85,84.85,0-6 Months,$60-$89,84.85,3,0,0,1,Yes,0.88,Yes,High Risk
3466-RITXD,Male,0,No,No,26,Yes,Yes,Fiber optic,Yes,Yes,No,No,Yes,No,Month-to-month,Yes,Credit card (automatic),92.4,2349.8,25-48 Months,$90+,90.37692307692308,5,1,0,1,No,0.68,Yes,Medium Risk
7278-CKDNC,Male,1,No,No,24,Yes,Yes,Fiber optic,No,Yes,No,No,No,No,Month-to-month,Yes,Electronic check,80.5,2088.45,13-24 Months,$60-$89,87.01875,3,0,0,1,No,0.8866666666666667,Yes,High Risk
1956-YIFGE,Male,0,Yes,Yes,22,Yes,No,Fiber optic,No,Yes,Yes,No,Yes,Yes,One year,Yes,Mailed check,100.05,2090.25,13-24 Months,$90+,95.01136363636364,5,0,1,1,No,0.45,Yes,Medium Risk
0422-UXFAP,Female,0,Yes,No,51,Yes,Yes,Fiber optic,No,No,Yes,No,Yes,Yes,One year,Yes,Electronic check,98.85,4947.55,49+ Months,$90+,97.0107843137255,5,0,1,1,No,0.36,No,Low Risk
3733-UOCWF,Male,1,Yes,No,61,Yes,Yes,Fiber optic,No,Yes,No,Yes,No,No,One year,Yes,Bank transfer (automatic),85.55,5251.75,49+ Months,$60-$89,86.09426229508196,4,1,1,1,No,0.05333333333333334,No,Low Risk
7191-ADRGF,Male,0,Yes,No,44,No,No phone service,DSL,No,Yes,Yes,No,Yes,Yes,Two year,No,Bank transfer (automatic),54.3,2390.45,25-48 Months,$30-$59,54.32840909090908,4,0,1,0,No,0.37666666666666665,No,Low Risk
5709-LVOEQ,Female,0,Yes,Yes,0,Yes,No,DSL,Yes,Yes,Yes,No,Yes,Yes,Two year,No,Mailed check,80.85,0.0,0-6 Months,$60-$89,0.0,6,1,1,0,No,0.15,No,Low Risk
6034-YMTOB,Female,0,No,No,5,Yes,No,Fiber optic,No,No,No,Yes,No,No,Month-to-month,Yes,Mailed check,75.65,399.45,0-6 Months,$60-$89,79.89,2,1,0,1,No,0.6066666666666667,Yes,Medium Risk
6372-RFVNS,Female,0,Yes,No,1,Yes,No,Fiber optic,No,No,No,No,Yes,No,Month-to-month,No,Electronic check,78.8,78.8,0-6 Months,$60-$89,78.8,2,0,0,0,Yes,0.9766666666666667,Yes,High Risk
9052-DHNKM,Male,0,No,No,26,Yes,Yes,DSL,Yes,Yes,No,No,No,No,One year,No,Electronic check,61.55,1581.95,25-48 Months,$60-$89,60.84423076923077,4,1,1,0,No,0.08,No,Low Risk
5609-IMCGG,Female,0,No,No,15,Yes,Yes,Fiber optic,Yes,No,Yes,No,No,No,Month-to-month,Yes,Credit card (automatic),84.35,1302.65,13-24 Months,$60-$89,86.84333333333333,4,1,0,1,No,0.36666666666666664,No,Low Risk
2959-MJHIC,Male,0,Yes,No,4,Yes,No,Fiber optic,No,No,No,No,Yes,No,Month-to-month,Yes,Electronic check,80.35,307.4,0-6 Months,$60-$89,76.85,2,0,0,1,Yes,0.8366666666666667,Yes,High Risk
1319-YLZJG,Male,0,Yes,No,12,Yes,No,Fiber optic,Yes,Yes,Yes,No,No,No,Month-to-month,Yes,Electronic check,84.6,959.9,7-12 Months,$60-$89,79.99166666666666,4,1,0,1,No,0.6,Yes,Medium Risk
7623-TRNQN,Male,0,No,Yes,1,Yes,No,DSL,No,No,No,Yes,No,No,Month-to-month,Yes,Mailed check,49.9,49.9,0-6 Months,$30-$59,49.9,2,1,0,1,Yes,0.29,No,Low Risk
0377-JBKKT,Male,0,Yes,Yes,22,Yes,No,DSL,Yes,Yes,No,Yes,No,No,Month-to-month,Yes,Mailed check,57.95,1271.8,13-24 Months,$30-$59,57.809090909090905,4,1,0,1,No,0.20333333333333334,No,Low Risk
1936-CZAKF,Male,0,Yes,No,49,No,No phone service,DSL,No,Yes,No,No,Yes,Yes,Two year,No,Credit card (automatic),49.65,2409.9,49+ Months,$30-$59,49.18163265306123,3,0,1,0,No,0.36333333333333334,No,Low Risk
5063-IUOKK,Male,0,No,No,13,Yes,No,No,No internet service,No internet service,No internet service,No internet service,No internet service,No internet service,Two year,No,Mailed check,19.75,265.75,13-24 Months,Below $30,20.442307692307693,1,0,1,0,No,0.0033333333333333335,No,Low Risk
8646-JCOMS,Female,0,Yes,No,66,Yes,Yes,Fiber optic,No,Yes,Yes,Yes,No,No,One year,Yes,Bank transfer (automatic),90.55,6130.95,49+ Months,$90+,92.89318181818182,5,1,1,1,No,0.06,No,Low Risk
0979-MOZQI,Male,0,Yes,No,62,No,No phone service,DSL,No,No,No,Yes,Yes,No,Two year,Yes,Bank transfer (automatic),39.0,2337.45,49+ Months,$30-$59,37.7008064516129,2,1,1,1,No,0.056666666666666664,No,Low Risk
1525-LNLOJ,Male,0,Yes,Yes,66,Yes,Yes,DSL,No,No,Yes,No,Yes,No,Two year,Yes,Bank transfer (automatic),63.3,4189.7,49+ Months,$60-$89,63.48030303030303,4,0,1,1,No,0.05,No,Low Risk
5759-RCVCB,Female,0,No,No,3,No,No phone service,DSL,No,No,No,No,Yes,No,Month-to-month,No,Credit card (automatic),35.2,108.95,0-6 Months,$30-$59,36.31666666666667,1,0,0,0,Yes,0.49666666666666665,Yes,Medium Risk
9968-FFVVH,Male,0,No,No,63,Yes,Yes,DSL,Yes,Yes,Yes,Yes,No,No,One year,No,Bank transfer (automatic),68.8,4111.35,49+ Months,$60-$89,65.25952380952381,6,1,1,0,No,0.04666666666666667,No,Low Risk
2266-FUBDZ,Male,0,Yes,Yes,15,Yes,No,No,No internet service,No internet service,No internet service,No internet service,No internet service,No internet service,Two year,No,Mailed check,19.35,278.85,13-24 Months,Below $30,18.59,1,0,1,0,No,0.02,No,Low Risk
4760-THGOT,Female,0,Yes,No,43,Yes,Yes,Fiber optic,Yes,Yes,No,No,No,Yes,Month-to-month,Yes,Electronic check,94.1,4107.3,25-48 Months,$90+,95.5186046511628,5,1,0,1,No,0.44666666666666666,Yes,Medium Risk
2307-FYNNL,Male,1,No,No,65,Yes,Yes,Fiber optic,Yes,No,Yes,Yes,Yes,Yes,Two year,Yes,Electronic check,109.05,7108.2,49+ Months,$90+,109.35692307692308,7,1,1,1,No,0.5133333333333333,Yes,Medium Risk
1143-NMNQJ,Female,0,No,No,2,Yes,Yes,Fiber optic,No,No,No,No,No,Yes,Month-to-month,Yes,Electronic check,85.7,169.8,0-6 Months,$60-$89,84.9,3,0,0,1,Yes,0.9966666666666667,Yes,High Risk
1629-DQQVB,Female,0,No,No,14,Yes,No,DSL,Yes,No,No,No,No,No,Month-to-month,No,Bank transfer (automatic),50.1,709.5,13-24 Months,$30-$59,50.67857142857143,2,1,0,0,No,0.37333333333333335,No,Low Risk
3766-EJLFL,Female,0,Yes,Yes,68,Yes,Yes,Fiber optic,Yes,No,Yes,Yes,Yes,Yes,Two year,Yes,Bank transfer (automatic),109.05,7508.55,49+ Months,$90+,110.41985294117649,7,1,1,1,No,0.21333333333333335,No,Low Risk
8457-XIGKN,Male,0,No,No,20,Yes,No,No,No internet service,No internet service,No internet service,No internet service,No internet service,No internet service,Month-to-month,Yes,Credit card (automatic),19.6,356.15,13-24 Months,Below $30,17.807499999999997,1,0,0,1,No,0.24333333333333335,No,Low Risk
4981-FLTMF,Female,0,Yes,Yes,57,Yes,Yes,DSL,Yes,Yes,No,Yes,No,No,Month-to-month,No,Bank transfer (automatic),65.2,3687.85,49+ Months,$60-$89,64.69912280701755,5,1,0,0,No,0.12,No,Low Risk
7606-BPHHN,Male,0,No,No,72,Yes,No,No,No internet service,No internet service,No internet service,No internet service,No internet service,No internet service,Two year,Yes,Credit card (automatic),19.8,1468.75,49+ Months,Below $30,20.39930555555556,1,0,1,1,No,0.006666666666666667,No,Low Risk
7005-CCBKV,Male,0,No,No,6,Yes,No,Fiber optic,No,Yes,No,No,No,Yes,Month-to-month,Yes,Electronic check,84.4,556.35,0-6 Months,$60-$89,92.725,3,0,0,1,Yes,0.7533333333333333,Yes,High Risk
4648-YPBTM,Male,0,No,No,53,Yes,Yes,DSL,No,Yes,Yes,Yes,No,Yes,Two year,Yes,Bank transfer (automatic),73.9,3958.25,49+ Months,$60-$89,74.68396226415095,6,1,1,1,No,0.05,No,Low Risk
2325-ZUSFD,Female,0,Yes,Yes,57,Yes,No,DSL,Yes,No,No,No,Yes,Yes,One year,Yes,Bank transfer (automatic),70.1,3913.3,49+ Months,$60-$89,68.65438596491228,4,1,1,1,Yes,0.07333333333333333,No,Low Risk
1240-KNSEZ,Male,0,No,No,1,Yes,No,No,No internet service,No internet service,No internet service,No internet service,No internet service,No internet service,Month-to-month,Yes,Mailed check,20.1,20.1,0-6 Months,Below $30,20.1,1,0,0,1,Yes,0.9166666666666666,Yes,High Risk
0430-IHCDJ,Male,0,No,No,15,Yes,Yes,DSL,No,No,No,No,No,No,Month-to-month,Yes,Electronic check,49.0,749.25,13-24 Months,$30-$59,49.95,2,0,0,1,No,0.73,Yes,High Risk
7957-RYHQD,Female,1,No,No,40,Yes,No,Fiber optic,Yes,Yes,No,No,No,No,Month-to-month,Yes,Credit card (automatic),79.2,3233.85,25-48 Months,$60-$89,80.84625,3,1,0,1,Yes,0.6933333333333334,Yes,Medium Risk
6164-HAQTX,Male,0,No,No,71,No,No phone service,DSL,Yes,Yes,Yes,Yes,Yes,No,Two year,No,Bank transfer (automatic),53.95,3888.65,49+ Months,$30-$59,54.76971830985916,5,1,1,0,No,0.0033333333333333335,No,Low Risk
0749-IRGQE,Female,1,Yes,No,13,No,No phone service,DSL,No,No,No,No,Yes,Yes,Month-to-month,No,Electronic check,45.3,528.45,13-24 Months,$30-$59,40.650000000000006,2,0,0,0,No,0.72,Yes,High Risk
1227-UDMZR,Female,0,Yes,No,72,Yes,Yes,DSL,Yes,Yes,Yes,Yes,Yes,Yes,Two year,Yes,Bank transfer (automatic),91.15,6637.9,49+ Months,$90+,92.19305555555556,8,1,1,1,No,0.0,No,Low Risk
5473-KHBPS,Female,0,Yes,Yes,52,Yes,Yes,Fiber optic,No,Yes,Yes,No,Yes,No,One year,Yes,Credit card (automatic),95.7,4976.15,49+ Months,$90+,95.6951923076923,5,0,1,1,No,0.13333333333333333,No,Low Risk
5297-MDOIR,Female,0,Yes,No,63,Yes,No,Fiber optic,Yes,No,Yes,No,No,No,One year,Yes,Credit card (automatic),81.15,5224.5,49+ Months,$60-$89,82.92857142857143,3,1,1,1,No,0.03666666666666667,No,Low Risk
8873-TMKGR,Male,0,No,No,29,Yes,No,No,No internet service,No internet service,No internet service,No internet service,No internet service,No internet service,One year,No,Mailed check,19.1,529.5,25-48 Months,Below $30,18.25862068965517,1,0,1,0,No,0.0,No,Low Risk
6481-ESCNL,Female,0,No,No,29,Yes,Yes,Fiber optic,No,No,Yes,No,Yes,Yes,Month-to-month,No,Bank transfer (automatic),100.55,2878.75,25-48 Months,$90+,99.26724137931036,5,0,0,0,No,0.2966666666666667,No,Low Risk
0463-WZZKO,Male,0,No,No,3,Yes,No,No,No internet service,No internet service,No internet service,No internet service,No internet service,No internet service,Month-to-month,Yes,Credit card (automatic),20.75,67.1,0-6 Months,Below $30,22.366666666666664,1,0,0,1,No,0.20333333333333334,No,Low Risk
1038-RQOST,Male,0,Yes,Yes,19,Yes,No,No,No internet service,No internet service,No internet service,No internet service,No internet service,No internet service,Month-to-month,No,Mailed check,20.6,414.95,13-24 Months,Below $30,21.839473684210525,1,0,0,0,No,0.03333333333333333,No,Low Risk
4937-QPZPO,Male,0,Yes,Yes,61,Yes,Yes,Fiber optic,No,No,Yes,No,Yes,Yes,One year,Yes,Electronic check,99.9,6241.35,49+ Months,$90+,102.31721311475413,5,0,1,1,No,0.5166666666666667,Yes,Medium Risk
3604-WLABM,Female,0,No,No,10,Yes,No,DSL,No,No,Yes,Yes,No,No,Month-to-month,No,Electronic check,54.25,583.0,7-12 Months,$30-$59,58.3,3,1,0,0,No,0.3333333333333333,No,Low Risk
1360-XFJMR,Female,0,Yes,No,67,Yes,Yes,Fiber optic,No,Yes,Yes,Yes,Yes,Yes,One year,Yes,Credit card (automatic),109.7,7344.45,49+ Months,$90+,109.6186567164179,7,1,1,1,No,0.20333333333333334,No,Low Risk
8717-VCTXJ,Male,0,No,No,42,Yes,No,No,No internet service,No internet service,No internet service,No internet service,No internet service,No internet service,One year,Yes,Mailed check,19.55,839.4,25-48 Months,Below $30,19.985714285714284,1,0,1,1,No,0.0,No,Low Risk
5196-SGOAK,Female,0,No,No,1,Yes,No,Fiber optic,No,Yes,No,No,No,No,Month-to-month,Yes,Electronic check,75.7,75.7,0-6 Months,$60-$89,75.7,2,0,0,1,Yes,0.9866666666666667,Yes,High Risk
8739-XNIKG,Female,0,No,No,5,Yes,Yes,Fiber optic,No,No,No,No,Yes,No,Month-to-month,Yes,Electronic check,84.0,424.75,0-6 Months,$60-$89,84.95,3,0,0,1,No,0.9033333333333333,Yes,High Risk
2320-TZRRH,Female,0,No,No,20,Yes,No,No,No internet service,No internet service,No internet service,No internet service,No internet service,No internet service,One year,No,Mailed check,19.5,403.15,13-24 Months,Below $30,20.1575,1,0,1,0,No,0.0,No,Low Risk
5186-SAMNZ,Male,1,No,No,1,Yes,No,Fiber optic,No,No,No,No,No,No,Month-to-month,Yes,Bank transfer (automatic),69.5,69.5,0-6 Months,$60-$89,69.5,1,0,0,1,Yes,0.9266666666666666,Yes,High Risk
5760-FXFVO,Male,0,No,No,6,Yes,No,Fiber optic,Yes,Yes,No,No,No,No,Month-to-month,Yes,Electronic check,78.95,494.95,0-6 Months,$60-$89,82.49166666666666,3,1,0,1,No,0.78,Yes,High Risk
5380-WJKOV,Male,0,No,No,34,Yes,Yes,Fiber optic,No,Yes,Yes,No,Yes,Yes,Month-to-month,Yes,Electronic check,106.35,3549.25,25-48 Months,$90+,104.38970588235294,6,0,0,1,Yes,0.8533333333333334,Yes,High Risk
4703-MQYKT,Male,0,No,No,21,Yes,No,No,No internet service,No internet service,No internet service,No internet service,No internet service,No internet service,Two year,No,Mailed check,19.6,390.4,13-24 Months,Below $30,18.59047619047619,1,0,1,0,No,0.03,No,Low Risk
2001-MCUUW,Male,0,No,No,46,Yes,Yes,Fiber optic,No,Yes,Yes,Yes,Yes,Yes,Two year,No,Electronic check,108.65,4903.2,25-48 Months,$90+,106.59130434782608,7,1,1,0,No,0.33,No,Low Risk
4947-DSMXK,Male,0,Yes,Yes,34,Yes,Yes,Fiber optic,No,Yes,No,No,Yes,Yes,Month-to-month,Yes,Bank transfer (automatic),97.7,3410.0,25-48 Months,$90+,100.29411764705884,5,0,0,1,No,0.49333333333333335,Yes,Medium Risk
0076-LVEPS,Male,0,No,Yes,29,No,No phone service,DSL,Yes,Yes,Yes,Yes,No,No,Month-to-month,Yes,Mailed check,45.0,1242.45,25-48 Months,$30-$59,42.84310344827586,4,1,0,1,No,0.20333333333333334,No,Low Risk
5566-SOEZD,Male,0,Yes,Yes,27,Yes,No,Fiber optic,Yes,Yes,No,No,No,No,One year,Yes,Credit card (automatic),80.65,2209.75,25-48 Months,$60-$89,81.8425925925926,3,1,1,1,No,0.10666666666666667,No,Low Risk
7408-OFWXJ,Female,0,Yes,Yes,72,Yes,Yes,DSL,Yes,Yes,Yes,Yes,Yes,Yes,Two year,No,Credit card (automatic),89.8,6510.45,49+ Months,$60-$89,90.42291666666668,8,1,1,0,No,0.0,No,Low Risk
1097-FSPVW,Female,0,No,No,42,Yes,No,DSL,Yes,No,Yes,No,No,No,Month-to-month,No,Credit card (automatic),54.55,2455.05,25-48 Months,$30-$59,58.45357142857144,3,1,0,0,No,0.20666666666666667,No,Low Risk
4412-YLTKF,Female,1,No,No,27,Yes,Yes,Fiber optic,No,No,Yes,No,No,No,Month-to-month,Yes,Electronic check,78.05,2135.5,25-48 Months,$60-$89,79.0925925925926,3,0,0,1,Yes,0.44,Yes,Medium Risk
0420-TXVSG,Male,0,Yes,No,66,Yes,Yes,DSL,Yes,Yes,Yes,No,No,No,Two year,Yes,Credit card (automatic),66.1,4428.45,49+ Months,$60-$89,67.09772727272727,5,1,1,1,No,0.02666666666666667,No,Low Risk
7817-BOQPW,Female,0,No,No,2,Yes,Yes,Fiber optic,No,No,No,No,No,No,Month-to-month,Yes,Electronic check,75.55,166.3,0-6 Months,$60-$89,83.15,2,0,0,1,Yes,0.9466666666666667,Yes,High Risk
0963-ZBDRN,Male,0,No,No,32,Yes,No,Fiber optic,No,No,No,Yes,Yes,Yes,Month-to-month,Yes,Electronic check,96.2,3183.4,25-48 Months,$90+,99.48125,4,1,0,1,Yes,0.52,Yes,Medium Risk
9685-WKZGT,Male,1,No,No,14,Yes,Yes,Fiber optic,No,No,No,No,No,No,Month-to-month,Yes,Electronic check,74.95,1036.75,13-24 Months,$60-$89,74.05357142857143,2,0,0,1,Yes,0.68,Yes,Medium Risk
2139-FQHLM,Male,0,No,No,19,Yes,No,Fiber optic,No,No,Yes,Yes,Yes,No,Month-to-month,No,Mailed check,89.95,1682.4,13-24 Months,$60-$89,88.54736842105264,4,1,0,0,No,0.35,No,Low Risk
5825-XJOCM,Male,0,No,Yes,48,Yes,Yes,DSL,Yes,Yes,Yes,No,No,No,One year,Yes,Bank transfer (automatic),64.4,3035.35,25-48 Months,$60-$89,63.23645833333333,5,1,1,1,No,0.06666666666666667,No,Low Risk
0004-TLHLJ,Male,0,No,No,4,Yes,No,Fiber optic,No,No,Yes,No,No,No,Month-to-month,Yes,Electronic check,73.9,280.85,0-6 Months,$60-$89,70.2125,2,0,0,1,Yes,0.6766666666666666,Yes,Medium Risk
7529-ZDFXI,Male,1,Yes,No,57,Yes,Yes,Fiber optic,No,Yes,No,No,No,Yes,Month-to-month,Yes,Electronic check,89.85,4925.35,49+ Months,$60-$89,86.40964912280702,4,0,0,1,No,0.48,Yes,Medium Risk
6848-YLDFR,Male,0,Yes,Yes,58,Yes,No,DSL,No,Yes,No,Yes,Yes,Yes,One year,Yes,Credit card (automatic),75.2,4300.8,49+ Months,$60-$89,74.15172413793104,5,1,1,1,No,0.12666666666666668,No,Low Risk
5820-PTRYM,Female,1,Yes,No,56,Yes,Yes,DSL,Yes,Yes,Yes,Yes,No,No,One year,Yes,Credit card (automatic),68.45,4014.0,49+ Months,$60-$89,71.67857142857143,6,1,1,1,No,0.07333333333333333,No,Low Risk
2984-RGEYA,Female,0,Yes,Yes,69,Yes,No,No,No internet service,No internet service,No internet service,No internet service,No internet service,No internet service,Two year,No,Bank transfer (automatic),19.75,1375.4,49+ Months,Below $30,19.933333333333334,1,0,1,0,No,0.013333333333333334,No,Low Risk
6434-TTGJP,Male,0,Yes,Yes,10,No,No phone service,DSL,Yes,Yes,Yes,Yes,No,Yes,Two year,No,Credit card (automatic),53.7,521.0,7-12 Months,$30-$59,52.1,5,1,1,0,No,0.02666666666666667,No,Low Risk
9643-AVVWI,Female,0,Yes,Yes,3,Yes,No,Fiber optic,No,Yes,No,Yes,No,No,Month-to-month,Yes,Electronic check,80.0,241.3,0-6 Months,$60-$89,80.43333333333334,3,1,0,1,No,0.8366666666666667,Yes,High Risk
3506-OVLKD,Male,0,No,No,35,Yes,Yes,No,No internet service,No internet service,No internet service,No internet service,No internet service,No internet service,One year,No,Bank transfer (automatic),26.2,954.9,25-48 Months,Below $30,27.282857142857143,2,0,1,0,No,0.38666666666666666,No,Low Risk
4946-EDSEW,Female,0,Yes,Yes,11,Yes,No,No,No internet service,No internet service,No internet service,No internet service,No internet service,No internet service,Month-to-month,Yes,Mailed check,19.25,180.3,7-12 Months,Below $30,16.39090909090909,1,0,0,1,Yes,0.09333333333333334,No,Low Risk
2924-KHUVI,Male,0,Yes,No,56,Yes,Yes,Fiber optic,Yes,No,No,No,Yes,Yes,One year,Yes,Electronic check,100.55,5514.95,49+ Months,$90+,98.48125,5,1,1,1,No,0.38,No,Low Risk
2263-SFSQZ,Male,0,Yes,Yes,51,Yes,Yes,No,No internet service,No internet service,No internet service,No internet service,No internet service,No internet service,Two year,Yes,Mailed check,24.95,1222.25,49+ Months,Below $30,23.965686274509803,2,0,1,1,No,0.07333333333333333,No,Low Risk
5281-BUZGT,Male,1,No,No,36,Yes,Yes,Fiber optic,Yes,No,No,No,Yes,No,Month-to-month,Yes,Electronic check,90.85,3186.7,25-48 Months,$90+,88.51944444444445,4,1,0,1,Yes,0.49666666666666665,Yes,Medium Risk
3717-FDJFU,Male,0,No,Yes,5,Yes,No,No,No internet service,No internet service,No internet service,No internet service,No internet service,No internet service,Two year,No,Mailed check,20.45,106.9,0-6 Months,Below $30,21.380000000000003,1,0,1,0,No,0.013333333333333334,No,Low Risk
2239-CFOUJ,Male,0,Yes,Yes,1,Yes,No,No,No internet service,No internet service,No internet service,No internet service,No internet service,No internet service,One year,No,Mailed check,20.4,20.4,0-6 Months,Below $30,20.4,1,0,1,0,No,0.07,No,Low Risk
8699-ASUFO,Male,1,Yes,No,7,Yes,Yes,Fiber optic,No,No,No,No,No,No,Month-to-month,Yes,Mailed check,74.4,527.9,7-12 Months,$60-$89,75.41428571428571,2,0,0,1,Yes,0.81,Yes,High Risk
1122-YJBCS,Male,0,Yes,No,69,Yes,No,DSL,Yes,Yes,No,No,No,No,One year,Yes,Credit card (automatic),53.65,3804.4,49+ Months,$30-$59,55.13623188405797,3,1,1,1,No,0.08666666666666667,No,Low Risk
0628-CNQRM,Male,0,Yes,Yes,22,Yes,No,DSL,Yes,No,Yes,Yes,Yes,No,One year,Yes,Bank transfer (automatic),67.5,1544.05,13-24 Months,$60-$89,70.18409090909091,5,1,1,1,Yes,0.07,No,Low Risk
1705-GUHPV,Female,0,No,No,63,Yes,Yes,No,No internet service,No internet service,No internet service,No internet service,No internet service,No internet service,Two year,No,Mailed check,24.2,1618.2,49+ Months,Below $30,25.685714285714287,2,0,1,0,No,0.0,No,Low Risk
4877-TSOFF,Female,0,Yes,Yes,55,Yes,Yes,DSL,Yes,Yes,No,Yes,No,Yes,One year,Yes,Bank transfer (automatic),75.75,4264.25,49+ Months,$60-$89,77.53181818181818,6,1,1,1,No,0.12,No,Low Risk
7404-JLKQG,Female,0,No,No,3,Yes,No,DSL,No,No,Yes,No,Yes,No,Month-to-month,No,Electronic check,57.55,161.45,0-6 Months,$30-$59,53.81666666666666,3,0,0,0,No,0.5366666666666666,Yes,Medium Risk
0379-DJQHR,Male,0,Yes,Yes,67,Yes,No,DSL,Yes,Yes,Yes,No,Yes,Yes,Two year,No,Credit card (automatic),81.35,5398.6,49+ Months,$60-$89,80.57611940298509,6,1,1,0,No,0.07333333333333333,No,Low Risk
8993-PHFWD,Female,0,No,No,3,No,No phone service,DSL,No,No,No,No,No,No,Month-to-month,No,Electronic check,25.25,58.9,0-6 Months,Below $30,19.633333333333333,0,0,0,0,Yes,0.5566666666666666,Yes,Medium Risk
3930-ZGWVE,Male,0,No,No,1,Yes,No,No,No internet service,No internet service,No internet service,No internet service,No internet service,No internet service,Month-to-month,No,Mailed check,19.75,19.75,0-6 Months,Below $30,19.75,1,0,0,0,No,0.8226904761904762,Yes,High Risk
1965-DDBWU,Male,0,No,No,16,Yes,Yes,Fiber optic,No,No,No,Yes,No,Yes,Month-to-month,Yes,Credit card (automatic),89.05,1448.6,13-24 Months,$60-$89,90.5375,4,1,0,1,Yes,0.43666666666666665,Yes,Medium Risk
7572-KPVKK,Male,0,No,Yes,62,Yes,Yes,Fiber optic,No,No,Yes,Yes,Yes,Yes,Two year,Yes,Electronic check,104.05,6590.5,49+ Months,$90+,106.2983870967742,6,1,1,1,No,0.49,Yes,Medium Risk
6854-EXGSF,Female,0,No,No,8,Yes,Yes,DSL,Yes,Yes,Yes,No,No,No,Month-to-month,Yes,Bank transfer (automatic),65.5,573.15,7-12 Months,$60-$89,71.64375,5,1,0,1,No,0.32666666666666666,No,Low Risk
9483-GCPWE,Male,0,No,Yes,9,Yes,No,No,No internet service,No internet service,No internet service,No internet service,No internet service,No internet service,One year,No,Mailed check,20.1,190.25,7-12 Months,Below $30,21.13888888888889,1,0,1,0,No,0.016666666666666666,No,Low Risk
8053-WWDRO,Female,0,Yes,No,6,Yes,No,No,No internet service,No internet service,No internet service,No internet service,No internet service,No internet service,Month-to-month,No,Bank transfer (automatic),19.5,146.3,0-6 Months,Below $30,24.383333333333336,1,0,0,0,Yes,0.2633333333333333,No,Low Risk
9473-CBZOP,Female,0,No,No,28,Yes,Yes,DSL,Yes,No,Yes,No,No,No,One year,No,Mailed check,59.0,1654.45,25-48 Months,$30-$59,59.0875,4,1,1,0,No,0.03333333333333333,No,Low Risk
3985-HOYPM,Male,0,No,No,26,Yes,No,No,No internet service,No internet service,No internet service,No internet service,No internet service,No internet service,One year,No,Mailed check,19.4,525.55,25-48 Months,Below $30,20.213461538461537,1,0,1,0,No,0.0033333333333333335,No,Low Risk
8378-LKJAF,Male,0,Yes,Yes,38,Yes,Yes,Fiber optic,No,No,Yes,No,Yes,Yes,Month-to-month,Yes,Credit card (automatic),101.15,3956.7,25-48 Months,$90+,104.1236842105263,5,0,0,1,No,0.7133333333333334,Yes,High Risk
1310-QRITU,Female,0,No,No,18,Yes,Yes,DSL,No,No,No,No,No,No,Month-to-month,Yes,Electronic check,50.3,913.3,13-24 Months,$30-$59,50.73888888888889,2,0,0,1,No,0.43333333333333335,Yes,Medium Risk
3237-AJGEH,Female,0,Yes,Yes,3,No,No phone service,DSL,No,No,No,Yes,No,No,Month-to-month,Yes,Mailed check,31.0,95.05,0-6 Months,$30-$59,31.683333333333334,1,1,0,1,Yes,0.48,Yes,Medium Risk
6542-LWGXJ,Male,0,Yes,No,3,No,No phone service,DSL,No,No,No,No,No,No,Month-to-month,No,Mailed check,25.0,78.25,0-6 Months,Below $30,26.08333333333333,0,0,0,0,No,0.51,Yes,Medium Risk
6953-PBDIN,Male,0,Yes,No,70,Yes,Yes,DSL,No,Yes,Yes,Yes,Yes,No,Two year,No,Bank transfer (automatic),72.95,5265.55,49+ Months,$60-$89,75.22214285714286,6,1,1,0,No,0.02666666666666667,No,Low Risk
6332-FBZRI,Male,0,Yes,Yes,67,Yes,Yes,DSL,Yes,Yes,Yes,Yes,No,No,One year,Yes,Credit card (automatic),69.35,4653.25,49+ Months,$60-$89,69.45149253731343,6,1,1,1,No,0.14,No,Low Risk
9365-CSLBQ,Male,0,No,Yes,71,Yes,Yes,No,No internet service,No internet service,No internet service,No internet service,No internet service,No internet service,Two year,No,Mailed check,24.35,1654.6,49+ Months,Below $30,23.304225352112677,2,0,1,0,No,0.0,No,Low Risk
3466-WAESX,Male,0,No,Yes,16,Yes,Yes,DSL,Yes,Yes,No,No,No,Yes,Month-to-month,Yes,Electronic check,69.1,1083.7,13-24 Months,$60-$89,67.73125,5,1,0,1,No,0.3466666666666667,No,Low Risk
9700-ISPUP,Female,0,Yes,Yes,10,Yes,No,DSL,No,Yes,No,Yes,No,Yes,Month-to-month,Yes,Electronic check,65.5,616.9,7-12 Months,$60-$89,61.69,4,1,0,1,No,0.4533333333333333,Yes,Medium Risk
5167-ZFFMM,Male,0,No,No,1,Yes,Yes,Fiber optic,No,Yes,No,No,No,Yes,Month-to-month,Yes,Credit card (automatic),90.85,90.85,0-6 Months,$90+,90.85,4,0,0,1,Yes,0.93,Yes,High Risk
7669-LCRSD,Male,0,Yes,Yes,12,Yes,No,DSL,No,No,No,No,Yes,No,Month-to-month,Yes,Mailed check,56.3,628.65,7-12 Months,$30-$59,52.3875,2,0,0,1,No,0.19,No,Low Risk
0870-VEMYL,Female,0,No,No,5,Yes,No,DSL,Yes,No,No,Yes,No,No,Month-to-month,No,Credit card (automatic),53.85,259.8,0-6 Months,$30-$59,51.96,3,1,0,0,Yes,0.49,Yes,Medium Risk
2995-UPRYS,Female,1,Yes,No,40,Yes,No,Fiber optic,No,Yes,No,Yes,Yes,Yes,One year,Yes,Credit card (automatic),99.2,4062.2,25-48 Months,$90+,101.555,5,1,1,1,Yes,0.25333333333333335,No,Low Risk
3179-GBRWV,Male,1,Yes,No,21,Yes,No,DSL,Yes,Yes,No,No,No,Yes,Month-to-month,Yes,Bank transfer (automatic),64.95,1339.8,13-24 Months,$60-$89,63.8,4,1,0,1,No,0.27,No,Low Risk
0701-TJSEF,Male,0,No,No,9,Yes,No,DSL,Yes,No,Yes,Yes,No,Yes,Month-to-month,Yes,Bank transfer (automatic),68.25,576.95,7-12 Months,$60-$89,64.10555555555555,5,1,0,1,No,0.18333333333333332,No,Low Risk
1848-LBZHY,Female,0,Yes,No,7,Yes,No,DSL,Yes,No,No,No,No,No,Month-to-month,Yes,Bank transfer (automatic),50.3,355.1,7-12 Months,$30-$59,50.72857142857144,2,1,0,1,No,0.37,No,Low Risk
5380-XPJNZ,Female,0,No,No,38,Yes,No,No,No internet service,No internet service,No internet service,No internet service,No internet service,No internet service,One year,No,Mailed check,20.05,678.2,25-48 Months,Below $30,17.847368421052632,1,0,1,0,No,0.0033333333333333335,No,Low Risk
6608-QQLVK,Male,0,No,No,1,Yes,No,DSL,No,No,Yes,No,No,No,Month-to-month,Yes,Electronic check,50.5,50.5,0-6 Months,$30-$59,50.5,2,0,0,1,Yes,0.84,Yes,High Risk
1475-VWVDO,Male,0,No,No,7,Yes,No,Fiber optic,No,No,Yes,No,No,No,Month-to-month,Yes,Electronic check,74.9,490.55,7-12 Months,$60-$89,70.07857142857144,2,0,0,1,No,0.59,Yes,Medium Risk
3721-CNEYS,Female,0,No,No,2,Yes,No,Fiber optic,No,No,No,No,No,No,Month-to-month,Yes,Electronic check,70.95,137.95,0-6 Months,$60-$89,68.975,1,0,0,1,Yes,0.82,Yes,High Risk
4299-OPXEJ,Female,0,No,No,56,Yes,No,No,No internet service,No internet service,No internet service,No internet service,No internet service,No internet service,Two year,Yes,Bank transfer (automatic),19.55,1080.55,49+ Months,Below $30,19.295535714285712,1,0,1,1,No,0.02,No,Low Risk
0096-BXERS,Female,0,Yes,No,6,Yes,Yes,DSL,No,No,No,No,No,No,Month-to-month,No,Electronic check,50.35,314.55,0-6 Months,$30-$59,52.425,2,0,0,0,No,0.42333333333333334,Yes,Medium Risk
3055-VTCGS,Female,0,No,No,63,Yes,No,DSL,No,No,Yes,No,No,Yes,One year,No,Credit card (automatic),58.55,3503.5,49+ Months,$30-$59,55.61111111111112,3,0,1,0,No,0.05,No,Low Risk
9405-GPBBG,Female,0,No,No,64,Yes,Yes,Fiber optic,No,Yes,Yes,Yes,Yes,Yes,Two year,Yes,Credit card (automatic),110.5,7069.25,49+ Months,$90+,110.45703125,7,1,1,1,No,0.11666666666666667,No,Low Risk
6704-UTUKK,Male,0,Yes,No,29,No,No phone service,DSL,No,No,No,No,Yes,Yes,Month-to-month,Yes,Electronic check,45.9,1332.4,25-48 Months,$30-$59,45.9448275862069,2,0,0,1,No,0.37,No,Low Risk
9944-AEXBM,Male,0,No,No,32,Yes,Yes,Fiber optic,No,No,No,No,No,Yes,Month-to-month,Yes,Bank transfer (automatic),85.65,2664.3,25-48 Months,$60-$89,83.259375,3,0,0,1,No,0.6666666666666666,Yes,Medium Risk
2545-EBUPK,Female,1,No,No,2,Yes,Yes,Fiber optic,No,No,No,No,No,Yes,Month-to-month,Yes,Electronic check,84.05,186.05,0-6 Months,$60-$89,93.025,3,0,0,1,No,0.9733333333333334,Yes,High Risk
6270-OMFIW,Male,0,Yes,No,60,Yes,No,Fiber optic,No,Yes,No,No,Yes,Yes,One year,Yes,Electronic check,94.4,5610.25,49+ Months,$90+,93.50416666666666,4,0,1,1,Yes,0.32666666666666666,No,Low Risk
1852-XEMDW,Male,0,No,No,22,Yes,Yes,DSL,Yes,Yes,Yes,No,No,No,Month-to-month,No,Mailed check,65.05,1427.55,13-24 Months,$60-$89,64.88863636363637,5,1,0,0,No,0.24333333333333335,No,Low Risk
8158-WPEZG,Male,0,No,No,11,No,No phone service,DSL,No,Yes,No,Yes,No,No,Month-to-month,Yes,Electronic check,35.65,425.1,7-12 Months,$30-$59,38.64545454545455,2,1,0,1,No,0.30666666666666664,No,Low Risk
5198-EFNBM,Male,1,Yes,No,57,Yes,No,Fiber optic,No,Yes,Yes,No,Yes,No,One year,Yes,Electronic check,90.65,5199.8,49+ Months,$90+,91.22456140350876,4,0,1,1,No,0.2966666666666667,No,Low Risk
7663-RGWBC,Male,0,No,No,1,Yes,No,DSL,No,No,No,No,No,No,Month-to-month,Yes,Mailed check,44.15,44.15,0-6 Months,$30-$59,44.15,1,0,0,1,Yes,0.17333333333333334,No,Low Risk
3970-XGJDU,Female,0,No,No,62,Yes,No,No,No internet service,No internet service,No internet service,No internet service,No internet service,No internet service,Two year,Yes,Credit card (automatic),19.2,1123.65,49+ Months,Below $30,18.123387096774195,1,0,1,1,No,0.02666666666666667,No,Low Risk
6845-RGTYS,Female,0,Yes,No,47,Yes,Yes,Fiber optic,Yes,Yes,Yes,No,Yes,No,Month-to-month,Yes,Electronic check,98.75,4533.7,25-48 Months,$90+,96.46170212765956,6,1,0,1,Yes,0.5733333333333334,Yes,Medium Risk
0123-CRBRT,Female,0,Yes,Yes,61,Yes,Yes,DSL,Yes,Yes,Yes,Yes,Yes,Yes,Two year,No,Mailed check,88.1,5526.75,49+ Months,$60-$89,90.60245901639344,8,1,1,0,No,0.0033333333333333335,No,Low Risk
6077-BDPXA,Female,0,No,No,3,Yes,No,Fiber optic,No,No,No,No,No,No,Month-to-month,Yes,Electronic check,70.15,194.2,0-6 Months,$60-$89,64.73333333333333,1,0,0,1,No,0.5233333333333333,Yes,Medium Risk
2250-IVBWA,Male,0,Yes,Yes,64,Yes,No,Fiber optic,Yes,Yes,No,No,No,No,Month-to-month,No,Electronic check,81.05,5135.35,49+ Months,$60-$89,80.23984375,3,1,0,0,No,0.23666666666666666,No,Low Risk
6137-NICCO,Female,0,Yes,Yes,6,Yes,Yes,Fiber optic,No,Yes,Yes,No,Yes,No,Month-to-month,Yes,Mailed check,94.05,518.75,0-6 Months,$90+,86.45833333333333,5,0,0,1,No,0.8766666666666667,Yes,High Risk
8129-GMVGI,Female,0,Yes,Yes,56,Yes,No,No,No internet service,No internet service,No internet service,No internet service,No internet service,No internet service,Two year,No,Mailed check,20.05,1090.1,49+ Months,Below $30,19.46607142857143,1,0,1,0,No,0.0033333333333333335,No,Low Risk
4353-HYOJD,Female,0,Yes,Yes,27,Yes,No,DSL,No,Yes,No,No,No,No,Month-to-month,No,Mailed check,49.85,1336.15,25-48 Months,$30-$59,49.48703703703704,2,0,0,0,No,0.12,No,Low Risk
8671-KKKOS,Female,0,Yes,No,46,No,No phone service,DSL,Yes,Yes,No,No,Yes,No,Month-to-month,No,Electronic check,45.55,2062.15,25-48 Months,$30-$59,44.82934782608696,3,1,0,0,No,0.3,No,Low Risk
8080-DDEMJ,Male,1,No,No,1,Yes,No,DSL,No,No,No,No,No,No,Month-to-month,No,Electronic check,45.1,45.1,0-6 Months,$30-$59,45.1,1,0,0,0,Yes,0.7166666666666667,Yes,High Risk
6698-OXETB,Male,0,No,No,11,Yes,No,No,No internet service,No internet service,No internet service,No internet service,No internet service,No internet service,Two year,No,Mailed check,20.4,231.45,7-12 Months,Below $30,21.04090909090909,1,0,1,0,No,0.0033333333333333335,No,Low Risk
3312-UUMZW,Male,0,Yes,No,32,Yes,Yes,Fiber optic,No,Yes,No,No,Yes,Yes,Month-to-month,Yes,Credit card (automatic),98.85,3145.9,25-48 Months,$90+,98.309375,5,0,0,1,No,0.6466666666666666,Yes,Medium Risk
6376-GAHQE,Male,0,No,No,4,Yes,No,Fiber optic,No,No,No,No,Yes,No,Month-to-month,No,Electronic check,77.85,299.2,0-6 Months,$60-$89,74.8,2,0,0,0,Yes,0.73,Yes,High Risk
0733-VUNUW,Male,0,No,No,24,Yes,Yes,DSL,Yes,No,No,No,No,No,Month-to-month,Yes,Bank transfer (automatic),55.65,1400.55,13-24 Months,$30-$59,58.35625,3,1,0,1,Yes,0.33,No,Low Risk
6733-LRIZX,Male,0,No,No,35,Yes,Yes,Fiber optic,Yes,No,Yes,Yes,Yes,Yes,Two year,Yes,Electronic check,108.95,4025.5,25-48 Months,$90+,115.01428571428572,7,1,1,1,No,0.30333333333333334,No,Low Risk
2165-VOEGB,Female,0,No,Yes,46,Yes,No,Fiber optic,Yes,Yes,No,Yes,Yes,Yes,One year,Yes,Bank transfer (automatic),105.2,4822.85,25-48 Months,$90+,104.8445652173913,6,1,1,1,Yes,0.24666666666666667,No,Low Risk
1853-UDXBW,Male,0,Yes,Yes,1,Yes,No,Fiber optic,No,No,No,No,No,No,Month-to-month,Yes,Electronic check,70.0,70.0,0-6 Months,$60-$89,70.0,1,0,0,1,Yes,0.8533333333333334,Yes,High Risk
9070-BCKQP,Female,0,Yes,No,72,Yes,Yes,Fiber optic,Yes,No,Yes,Yes,Yes,Yes,Two year,Yes,Credit card (automatic),110.15,7881.2,49+ Months,$90+,109.46111111111112,7,1,1,1,No,0.07333333333333333,No,Low Risk
1035-IPQPU,Female,1,Yes,No,63,Yes,Yes,Fiber optic,No,Yes,Yes,No,Yes,Yes,Month-to-month,Yes,Electronic check,103.5,6479.4,49+ Months,$90+,102.84761904761903,6,0,0,1,No,0.49,Yes,Medium Risk
2057-ZBLPD,Female,0,Yes,No,21,Yes,Yes,Fiber optic,No,No,No,No,No,Yes,Month-to-month,Yes,Electronic check,86.5,1808.7,13-24 Months,$60-$89,86.12857142857143,3,0,0,1,Yes,0.67,Yes,Medium Risk
6967-PEJLL,Male,0,Yes,Yes,37,No,No phone service,DSL,Yes,No,Yes,Yes,No,No,One year,Yes,Electronic check,40.2,1525.35,25-48 Months,$30-$59,41.22567567567568,3,1,1,1,No,0.24,No,Low Risk
7879-CGSFV,Male,0,No,No,55,Yes,No,Fiber optic,Yes,Yes,No,No,Yes,Yes,One year,Yes,Mailed check,100.9,5552.05,49+ Months,$90+,100.94636363636364,5,1,1,1,No,0.24333333333333335,No,Low Risk
2257-BOVXD,Male,0,Yes,No,14,Yes,Yes,DSL,No,No,No,Yes,Yes,No,Month-to-month,Yes,Credit card (automatic),66.6,979.5,13-24 Months,$60-$89,69.96428571428571,4,1,0,1,No,0.33,No,Low Risk
9822-BIIGN,Male,0,Yes,Yes,53,Yes,Yes,DSL,Yes,No,No,Yes,No,Yes,Month-to-month,No,Electronic check,71.85,3827.9,49+ Months,$60-$89,72.22452830188679,5,1,0,0,No,0.19666666666666666,No,Low Risk
1136-XGEQU,Female,0,Yes,Yes,50,Yes,Yes,DSL,No,Yes,Yes,Yes,Yes,Yes,One year,Yes,Credit card (automatic),84.15,4164.4,49+ Months,$60-$89,83.288,7,1,1,1,No,0.07666666666666666,No,Low Risk
2439-LYPMQ,Male,1,Yes,No,38,Yes,Yes,Fiber optic,No,Yes,Yes,No,Yes,Yes,Month-to-month,Yes,Electronic check,102.6,4009.2,25-48 Months,$90+,105.50526315789472,6,0,0,1,No,0.9033333333333333,Yes,High Risk
6543-XRMYR,Female,1,No,No,30,Yes,Yes,Fiber optic,No,Yes,No,No,Yes,Yes,Month-to-month,Yes,Electronic check,99.7,2967.35,25-48 Months,$90+,98.91166666666666,5,0,0,1,Yes,0.8466666666666667,Yes,High Risk
5753-QQWPW,Female,0,No,No,28,Yes,No,DSL,Yes,Yes,No,Yes,No,No,One year,Yes,Electronic check,59.9,1654.7,25-48 Months,$30-$59,59.096428571428575,4,1,1,1,No,0.05333333333333334,No,Low Risk
4785-QRJHC,Male,1,Yes,No,46,No,No phone service,DSL,No,Yes,Yes,Yes,Yes,Yes,One year,Yes,Bank transfer (automatic),59.9,2816.65,25-48 Months,$30-$59,61.23152173913044,5,1,1,1,Yes,0.2833333333333333,No,Low Risk
0052-YNYOT,Female,0,No,No,67,Yes,No,No,No internet service,No internet service,No internet service,No internet service,No internet service,No internet service,One year,No,Electronic check,20.55,1343.4,49+ Months,Below $30,20.05074626865672,1,0,1,0,No,0.08333333333333333,No,Low Risk
7054-LGEQW,Female,0,No,No,1,Yes,No,DSL,No,No,No,No,No,No,Month-to-month,No,Mailed check,45.95,45.95,0-6 Months,$30-$59,45.95,1,0,0,0,Yes,0.5466666666666666,Yes,Medium Risk
0608-JDVEC,Male,0,Yes,No,50,Yes,No,No,No internet service,No internet service,No internet service,No internet service,No internet service,No internet service,Two year,No,Electronic check,19.8,1013.2,49+ Months,Below $30,20.264,1,0,1,0,No,0.03,No,Low Risk
6284-KMNUF,Female,0,Yes,No,56,Yes,Yes,Fiber optic,Yes,No,No,No,Yes,Yes,One year,Yes,Electronic check,98.0,5270.6,49+ Months,$90+,94.11785714285716,5,1,1,1,No,0.21333333333333335,No,Low Risk
6286-SUUWT,Male,0,No,No,1,Yes,No,No,No internet service,No internet service,No internet service,No internet service,No internet service,No internet service,Month-to-month,No,Mailed check,19.95,19.95,0-6 Months,Below $30,19.95,1,0,0,0,No,0.7470264550264548,Yes,High Risk
3594-KADLU,Male,0,Yes,No,3,No,No phone service,DSL,Yes,No,No,Yes,No,No,Month-to-month,No,Mailed check,35.1,101.1,0-6 Months,$30-$59,33.7,2,1,0,0,No,0.47333333333333333,Yes,Medium Risk
0536-ACXIP,Female,0,Yes,No,72,Yes,Yes,Fiber optic,Yes,Yes,Yes,No,Yes,Yes,Two year,Yes,Electronic check,109.55,8165.1,49+ Months,$90+,113.40416666666668,7,1,1,1,No,0.056666666666666664,No,Low Risk
8869-TORSS,Female,0,No,No,48,Yes,No,DSL,Yes,No,Yes,Yes,No,No,One year,Yes,Credit card (automatic),60.35,2896.4,25-48 Months,$60-$89,60.34166666666667,4,1,1,1,Yes,0.09333333333333334,No,Low Risk
0373-AIVNJ,Male,0,No,No,9,No,No phone service,DSL,Yes,Yes,Yes,No,No,No,One year,No,Mailed check,39.55,373.0,7-12 Months,$30-$59,41.44444444444444,3,1,1,0,No,0.11333333333333333,No,Low Risk
6429-SHBCB,Male,0,No,No,19,Yes,Yes,DSL,No,No,No,No,Yes,Yes,Month-to-month,No,Mailed check,69.6,1394.55,13-24 Months,$60-$89,73.39736842105263,4,0,0,0,No,0.16666666666666666,No,Low Risk
5751-USDBL,Male,0,Yes,Yes,46,Yes,No,DSL,Yes,No,Yes,Yes,Yes,Yes,Two year,No,Mailed check,81.0,3846.35,25-48 Months,$60-$89,83.61630434782609,6,1,1,0,No,0.06666666666666667,No,Low Risk
6815-ABQFQ,Male,0,Yes,No,56,Yes,Yes,Fiber optic,No,Yes,No,Yes,Yes,Yes,One year,Yes,Electronic check,107.25,6033.3,49+ Months,$90+,107.7375,6,1,1,1,No,0.54,Yes,Medium Risk
9450-TRJUU,Male,0,No,No,35,Yes,Yes,Fiber optic,No,No,No,No,Yes,No,Month-to-month,No,Electronic check,83.15,2848.45,25-48 Months,$60-$89,81.38428571428571,3,0,0,0,No,0.47333333333333333,Yes,Medium Risk
2805-AUFQN,Female,0,No,No,25,Yes,No,No,No internet service,No internet service,No internet service,No internet service,No internet service,No internet service,Two year,No,Credit card (automatic),19.8,475.2,25-48 Months,Below $30,19.008,1,0,1,0,No,0.02,No,Low Risk
7855-DIWPO,Female,0,No,No,21,Yes,No,Fiber optic,No,No,No,No,No,No,Month-to-month,Yes,Electronic check,68.65,1493.2,13-24 Months,$60-$89,71.1047619047619,1,0,0,1,No,0.48,Yes,Medium Risk
0174-QRVVY,Male,0,Yes,Yes,71,Yes,Yes,No,No internet service,No internet service,No internet service,No internet service,No internet service,No internet service,Two year,No,Credit card (automatic),25.35,1847.55,49+ Months,Below $30,26.021830985915493,2,0,1,0,No,0.0,No,Low Risk
9507-EXLTT,Female,0,Yes,No,1,Yes,No,Fiber optic,No,No,No,No,Yes,No,Month-to-month,Yes,Bank transfer (automatic),79.35,79.35,0-6 Months,$60-$89,79.35,2,0,0,1,Yes,0.91,Yes,High Risk
8390-FESFV,Female,0,No,No,62,Yes,Yes,DSL,No,Yes,Yes,Yes,Yes,Yes,Two year,No,Bank transfer (automatic),84.5,5193.2,49+ Months,$60-$89,83.76129032258065,7,1,1,0,No,0.013333333333333334,No,Low Risk
0661-KBKPA,Male,0,Yes,Yes,53,Yes,Yes,DSL,No,No,Yes,Yes,Yes,Yes,One year,Yes,Mailed check,78.75,3942.45,49+ Months,$60-$89,74.38584905660377,6,1,1,1,No,0.24333333333333335,No,Low Risk
6856-RAURS,Female,0,No,No,2,Yes,Yes,Fiber optic,No,No,No,No,No,No,Month-to-month,Yes,Mailed check,74.9,136.05,0-6 Months,$60-$89,68.025,2,0,0,1,No,0.85,Yes,High Risk
7322-OCWHC,Male,1,Yes,No,72,Yes,Yes,Fiber optic,Yes,Yes,Yes,Yes,No,No,Two year,Yes,Bank transfer (automatic),93.05,6735.05,49+ Months,$90+,93.54236111111112,6,1,1,1,No,0.06,No,Low Risk
2203-GHNWN,Female,0,Yes,No,24,Yes,Yes,Fiber optic,No,No,Yes,No,No,No,Month-to-month,Yes,Mailed check,79.65,1928.7,13-24 Months,$60-$89,80.3625,3,0,0,1,No,0.37333333333333335,No,Low Risk
3413-CSSTH,Male,0,No,No,41,Yes,Yes,DSL,No,No,Yes,No,No,No,Month-to-month,Yes,Bank transfer (automatic),55.7,2237.55,25-48 Months,$30-$59,54.57439024390244,3,0,0,1,No,0.22666666666666666,No,Low Risk
3006-XIMLN,Female,0,No,Yes,2,Yes,Yes,Fiber optic,No,No,No,No,Yes,Yes,Month-to-month,Yes,Bank transfer (automatic),94.2,193.8,0-6 Months,$90+,96.9,4,0,0,1,Yes,0.9633333333333334,Yes,High Risk
3750-CKVKH,Male,0,No,No,2,Yes,No,Fiber optic,No,No,No,No,No,No,Month-to-month,Yes,Electronic check,67.75,116.65,0-6 Months,$60-$89,58.325,1,0,0,1,Yes,0.6966666666666667,Yes,Medium Risk
0576-WNXXC,Male,1,Yes,No,27,Yes,Yes,Fiber optic,No,Yes,Yes,No,No,Yes,Month-to-month,Yes,Electronic check,95.55,2510.2,25-48 Months,$90+,92.97037037037036,5,0,0,1,Yes,0.8033333333333333,Yes,High Risk
7056-IMHCC,Male,1,Yes,No,53,Yes,Yes,Fiber optic,No,Yes,No,No,Yes,Yes,Month-to-month,Yes,Electronic check,101.9,5549.4,49+ Months,$90+,104.70566037735848,5,0,0,1,Yes,0.6966666666666667,Yes,Medium Risk
0866-QLSIR,Female,0,No,No,34,Yes,Yes,DSL,Yes,Yes,No,Yes,No,No,One year,Yes,Mailed check,64.4,2088.75,25-48 Months,$60-$89,61.43382352941177,5,1,1,1,Yes,0.03333333333333333,No,Low Risk
1628-BIZYP,Male,0,No,No,1,Yes,No,Fiber optic,No,Yes,No,No,No,Yes,Month-to-month,Yes,Electronic check,85.0,85.0,0-6 Months,$60-$89,85.0,3,0,0,1,No,0.8733333333333333,Yes,High Risk
2230-XTUWL,Female,0,Yes,Yes,48,Yes,No,No,No internet service,No internet service,No internet service,No internet service,No internet service,No internet service,Two year,No,Mailed check,19.55,883.35,25-48 Months,Below $30,18.403125,1,0,1,0,No,0.013333333333333334,No,Low Risk
1980-KXVPM,Female,1,No,No,3,Yes,Yes,Fiber optic,No,No,No,No,No,No,Month-to-month,Yes,Credit card (automatic),75.05,256.25,0-6 Months,$60-$89,85.41666666666667,2,0,0,1,Yes,0.97,Yes,High Risk
8619-IJNDK,Female,0,Yes,Yes,71,Yes,No,DSL,Yes,Yes,Yes,Yes,No,No,Two year,No,Credit card (automatic),64.05,4492.9,49+ Months,$60-$89,63.28028169014084,5,1,1,0,No,0.06,No,Low Risk
2960-NKRSO,Male,0,No,No,24,Yes,No,Fiber optic,No,Yes,Yes,Yes,No,No,Month-to-month,Yes,Electronic check,85.95,2107.15,13-24 Months,$60-$89,87.79791666666667,4,1,0,1,No,0.5866666666666667,Yes,Medium Risk
6705-LXORM,Female,1,Yes,No,5,Yes,No,Fiber optic,No,No,No,No,No,No,Month-to-month,No,Electronic check,70.05,302.6,0-6 Months,$60-$89,60.52,1,0,0,0,No,0.53,Yes,Medium Risk
7130-VTEWQ,Female,1,No,No,8,Yes,Yes,Fiber optic,No,No,No,No,No,No,Month-to-month,Yes,Electronic check,75.75,606.25,7-12 Months,$60-$89,75.78125,2,0,0,1,Yes,0.6533333333333333,Yes,Medium Risk
9364-YKUVW,Male,0,No,No,15,Yes,No,No,No internet service,No internet service,No internet service,No internet service,No internet service,No internet service,Month-to-month,Yes,Mailed check,19.8,309.4,13-24 Months,Below $30,20.626666666666665,1,0,0,1,No,0.42333333333333334,Yes,Medium Risk
2761-OCIAX,Male,1,No,No,2,Yes,No,Fiber optic,No,Yes,No,No,No,No,Month-to-month,Yes,Electronic check,74.7,165.4,0-6 Months,$60-$89,82.7,2,0,0,1,Yes,0.5433333333333333,Yes,Medium Risk
7996-BPXHY,Female,0,Yes,Yes,13,Yes,Yes,No,No internet service,No internet service,No internet service,No internet service,No internet service,No internet service,Two year,Yes,Bank transfer (automatic),25.0,332.5,13-24 Months,Below $30,25.57692307692308,2,0,1,1,No,0.05,No,Low Risk
4248-QPAVC,Female,1,Yes,No,17,Yes,Yes,Fiber optic,Yes,No,Yes,No,No,No,Month-to-month,Yes,Bank transfer (automatic),85.35,1463.45,13-24 Months,$60-$89,86.08529411764707,4,1,0,1,Yes,0.4533333333333333,Yes,Medium Risk
9357-UJRUN,Male,0,Yes,No,24,Yes,Yes,DSL,Yes,No,No,Yes,No,No,One year,Yes,Electronic check,58.35,1346.9,13-24 Months,$30-$59,56.12083333333334,4,1,1,1,No,0.22333333333333333,No,Low Risk
6340-DACFT,Female,0,Yes,Yes,50,Yes,No,No,No internet service,No internet service,No internet service,No internet service,No internet service,No internet service,Two year,No,Credit card (automatic),20.55,1070.25,49+ Months,Below $30,21.405,1,0,1,0,No,0.0,No,Low Risk
1023-BQXZE,Male,0,No,No,57,Yes,No,DSL,Yes,No,Yes,No,Yes,Yes,Two year,Yes,Bank transfer (automatic),74.35,4317.35,49+ Months,$60-$89,75.74298245614035,5,1,1,1,No,0.05,No,Low Risk
5480-HPRRX,Female,1,No,No,3,No,No phone service,DSL,No,No,No,No,No,No,Month-to-month,No,Electronic check,25.3,77.75,0-6 Months,Below $30,25.916666666666668,0,0,0,0,Yes,0.7933333333333333,Yes,High Risk
9576-SYUHJ,Male,0,No,No,37,Yes,Yes,Fiber optic,Yes,No,No,No,Yes,No,Month-to-month,Yes,Electronic check,91.15,3369.25,25-48 Months,$90+,91.0608108108108,4,1,0,1,No,0.44,Yes,Medium Risk
2169-RRLFW,Female,0,Yes,No,71,Yes,Yes,No,No internet service,No internet service,No internet service,No internet service,No internet service,No internet service,Two year,No,Credit card (automatic),25.6,1888.25,49+ Months,Below $30,26.59507042253521,2,0,1,0,No,0.0,No,Low Risk
8338-QIUNR,Male,0,Yes,Yes,72,Yes,Yes,DSL,Yes,No,Yes,Yes,No,No,Two year,Yes,Credit card (automatic),66.5,4811.6,49+ Months,$60-$89,66.82777777777778,5,1,1,1,No,0.11333333333333333,No,Low Risk
0463-TXOAK,Male,0,No,Yes,52,Yes,Yes,No,No internet service,No internet service,No internet service,No internet service,No internet service,No internet service,Two year,No,Credit card (automatic),25.6,1334.5,49+ Months,Below $30,25.66346153846154,2,0,1,0,No,0.06666666666666667,No,Low Risk
4396-KLSEH,Male,0,No,No,4,Yes,No,No,No internet service,No internet service,No internet service,No internet service,No internet service,No internet service,Month-to-month,Yes,Electronic check,19.85,63.0,0-6 Months,Below $30,15.75,1,0,0,1,No,0.14333333333333334,No,Low Risk
5186-EJEGL,Male,0,No,No,9,Yes,No,DSL,Yes,No,Yes,Yes,Yes,No,Month-to-month,Yes,Mailed check,69.5,653.25,7-12 Months,$60-$89,72.58333333333333,5,1,0,1,No,0.32,No,Low Risk
9334-GWGOW,Male,1,Yes,No,7,Yes,Yes,Fiber optic,No,No,No,No,No,No,Month-to-month,Yes,Electronic check,74.85,485.25,7-12 Months,$60-$89,69.32142857142857,2,0,0,1,No,0.83,Yes,High Risk
5696-JVVQY,Female,0,Yes,Yes,48,Yes,No,DSL,Yes,Yes,Yes,No,No,Yes,Two year,Yes,Credit card (automatic),70.1,3238.4,25-48 Months,$60-$89,67.46666666666667,5,1,1,1,No,0.03333333333333333,No,Low Risk
9633-DENPU,Female,0,Yes,No,47,Yes,No,DSL,No,Yes,No,No,Yes,No,Month-to-month,Yes,Bank transfer (automatic),58.6,2723.4,25-48 Months,$30-$59,57.94468085106383,3,0,0,1,No,0.29333333333333333,No,Low Risk
0581-BXBUB,Female,1,No,No,4,Yes,No,Fiber optic,No,Yes,No,No,No,No,Month-to-month,No,Electronic check,72.75,317.75,0-6 Months,$60-$89,79.4375,2,0,0,0,No,0.5766666666666667,Yes,Medium Risk
2750-BJLSB,Female,0,No,No,47,Yes,No,Fiber optic,Yes,No,Yes,Yes,Yes,Yes,One year,Yes,Electronic check,103.7,4730.6,25-48 Months,$90+,100.65106382978723,6,1,1,1,No,0.54,Yes,Medium Risk
2770-NSVDG,Male,0,Yes,No,24,No,No phone service,DSL,No,No,Yes,No,No,No,Month-to-month,No,Electronic check,29.1,688.0,13-24 Months,Below $30,28.666666666666668,1,0,0,0,No,0.43333333333333335,Yes,Medium Risk
8280-MQRQN,Female,0,No,No,1,Yes,No,DSL,No,No,Yes,No,No,No,Month-to-month,Yes,Mailed check,50.45,50.45,0-6 Months,$30-$59,50.45,2,0,0,1,Yes,0.88,Yes,High Risk
7851-FLGGQ,Male,0,No,No,1,No,No phone service,DSL,No,Yes,No,Yes,No,Yes,Month-to-month,Yes,Mailed check,44.65,44.65,0-6 Months,$30-$59,44.65,3,1,0,1,Yes,0.6333333333333333,Yes,Medium Risk
9374-YOLBJ,Female,0,Yes,Yes,1,Yes,No,No,No internet service,No internet service,No internet service,No internet service,No internet service,No internet service,Month-to-month,No,Electronic check,19.25,19.25,0-6 Months,Below $30,19.25,1,0,0,0,No,0.5833333333333334,Yes,Medium Risk
6583-SZVGP,Male,0,No,No,48,Yes,Yes,Fiber optic,No,Yes,Yes,No,Yes,Yes,Two year,Yes,Bank transfer (automatic),108.1,5067.45,25-48 Months,$90+,105.571875,6,0,1,1,No,0.42333333333333334,Yes,Medium Risk
2150-OEGBV,Male,0,No,No,27,Yes,No,No,No internet service,No internet service,No internet service,No internet service,No internet service,No internet service,One year,No,Bank transfer (automatic),20.1,562.6,25-48 Months,Below $30,20.83703703703704,1,0,1,0,No,0.01,No,Low Risk
9372-TXXPS,Female,0,Yes,No,60,Yes,No,DSL,Yes,Yes,No,Yes,No,No,Two year,No,Bank transfer (automatic),59.85,3483.45,49+ Months,$30-$59,58.0575,4,1,1,0,No,0.0033333333333333335,No,Low Risk
6933-FHBZC,Female,0,No,No,26,Yes,No,DSL,No,Yes,Yes,No,No,No,One year,Yes,Mailed check,56.05,1553.2,25-48 Months,$30-$59,59.73846153846154,3,0,1,1,No,0.14666666666666667,No,Low Risk
4698-KVLLG,Female,1,No,No,51,Yes,No,No,No internet service,No internet service,No internet service,No internet service,No internet service,No internet service,Two year,No,Credit card (automatic),19.6,967.9,49+ Months,Below $30,18.978431372549014,1,0,1,0,No,0.0033333333333333335,No,Low Risk
8752-STIVR,Female,0,No,No,4,Yes,No,Fiber optic,No,No,No,No,Yes,No,Month-to-month,Yes,Electronic check,79.0,303.15,0-6 Months,$60-$89,75.7875,2,0,0,1,Yes,0.83,Yes,High Risk
8623-ULFNQ,Female,1,No,No,26,Yes,Yes,DSL,No,No,No,Yes,No,Yes,Month-to-month,Yes,Electronic check,66.05,1652.4,25-48 Months,$60-$89,63.55384615384616,4,1,0,1,No,0.33666666666666667,No,Low Risk
9822-WMWVG,Female,0,No,No,41,Yes,Yes,Fiber optic,Yes,Yes,Yes,Yes,Yes,No,Month-to-month,Yes,Electronic check,106.5,4282.4,25-48 Months,$90+,104.44878048780488,7,1,0,1,No,0.4666666666666667,Yes,Medium Risk
4304-TSPVK,Female,0,Yes,No,68,Yes,Yes,Fiber optic,Yes,Yes,Yes,Yes,Yes,Yes,Two year,No,Bank transfer (automatic),114.9,7843.55,49+ Months,$90+,115.34632352941176,8,1,1,0,No,0.06333333333333334,No,Low Risk
1716-LSAMB,Male,0,Yes,Yes,45,Yes,No,DSL,Yes,No,No,Yes,No,No,Two year,No,Bank transfer (automatic),54.65,2553.7,25-48 Months,$30-$59,56.748888888888885,3,1,1,0,No,0.056666666666666664,No,Low Risk
3523-QRQLL,Female,0,Yes,Yes,22,Yes,No,DSL,No,Yes,No,No,Yes,Yes,One year,Yes,Bank transfer (automatic),69.5,1498.2,13-24 Months,$60-$89,68.10000000000001,4,0,1,1,Yes,0.23,No,Low Risk
2187-PKZAY,Male,0,No,No,12,Yes,No,Fiber optic,No,No,No,No,No,Yes,Month-to-month,Yes,Bank transfer (automatic),79.95,1043.4,7-12 Months,$60-$89,86.95,2,0,0,1,No,0.67,Yes,Medium Risk
1895-QTKDO,Female,0,No,No,1,Yes,No,DSL,No,No,No,No,No,No,Month-to-month,No,Credit card (automatic),43.95,43.95,0-6 Months,$30-$59,43.95,1,0,0,0,No,0.6466666666666666,Yes,Medium Risk
8161-QYMTT,Male,0,No,No,7,Yes,Yes,Fiber optic,No,No,No,No,Yes,Yes,Month-to-month,Yes,Electronic check,94.1,701.3,7-12 Months,$90+,100.18571428571428,4,0,0,1,No,0.9566666666666667,Yes,High Risk
2955-PSXOE,Female,0,No,No,1,Yes,No,No,No internet service,No internet service,No internet service,No internet service,No internet service,No internet service,Month-to-month,Yes,Bank transfer (automatic),20.2,20.2,0-6 Months,Below $30,20.2,1,0,0,1,Yes,0.5166666666666667,Yes,Medium Risk
6834-NXDCA,Female,0,No,No,13,No,No phone service,DSL,No,No,No,No,No,No,Month-to-month,Yes,Electronic check,23.9,300.8,13-24 Months,Below $30,23.138461538461534,0,0,0,1,Yes,0.6633333333333333,Yes,Medium Risk
8701-DGLVH,Male,0,No,No,51,Yes,No,No,No internet service,No internet service,No internet service,No internet service,No internet service,No internet service,Two year,No,Mailed check,20.45,1042.65,49+ Months,Below $30,20.444117647058825,1,0,1,0,No,0.01,No,Low Risk
2480-SQIOB,Male,0,Yes,Yes,4,Yes,No,DSL,No,No,No,No,No,No,Month-to-month,No,Electronic check,44.8,169.65,0-6 Months,$30-$59,42.4125,1,0,0,0,No,0.5166666666666667,Yes,Medium Risk
4993-JCRGJ,Male,0,No,No,26,Yes,Yes,Fiber optic,No,No,Yes,Yes,No,No,Month-to-month,Yes,Mailed check,84.3,2281.6,25-48 Months,$60-$89,87.75384615384615,4,1,0,1,No,0.4633333333333333,Yes,Medium Risk
0581-MDMPW,Female,0,No,No,24,Yes,Yes,Fiber optic,No,No,Yes,No,Yes,No,Month-to-month,Yes,Credit card (automatic),88.95,2072.75,13-24 Months,$60-$89,86.36458333333333,4,0,0,1,No,0.5933333333333334,Yes,Medium Risk
7789-CRUVC,Female,1,Yes,No,61,Yes,Yes,Fiber optic,Yes,Yes,Yes,Yes,No,No,Month-to-month,Yes,Credit card (automatic),94.2,5895.45,49+ Months,$90+,96.6467213114754,6,1,0,1,No,0.22333333333333333,No,Low Risk
0164-APGRB,Female,0,No,No,72,Yes,Yes,Fiber optic,Yes,Yes,Yes,Yes,Yes,Yes,Two year,Yes,Electronic check,114.9,8496.7,49+ Months,$90+,118.00972222222224,8,1,1,1,No,0.016666666666666666,No,Low Risk
8034-RYTVV,Female,0,No,No,55,Yes,Yes,Fiber optic,Yes,No,Yes,No,No,No,One year,Yes,Credit card (automatic),84.25,4589.85,49+ Months,$60-$89,83.45181818181818,4,1,1,1,No,0.056666666666666664,No,Low Risk
3018-TFTSU,Male,0,No,No,12,Yes,No,Fiber optic,Yes,No,Yes,No,No,No,Month-to-month,No,Bank transfer (automatic),81.7,858.6,7-12 Months,$60-$89,71.55,3,1,0,0,Yes,0.36933333333333335,No,Low Risk
9777-IQHWP,Male,0,Yes,Yes,64,Yes,Yes,Fiber optic,Yes,No,Yes,No,No,Yes,Two year,No,Bank transfer (automatic),93.4,5822.3,49+ Months,$90+,90.9734375,5,1,1,0,No,0.12,No,Low Risk
6899-PPEEA,Female,1,No,No,37,Yes,Yes,Fiber optic,No,No,No,No,Yes,Yes,Month-to-month,Yes,Electronic check,96.55,3580.3,25-48 Months,$90+,96.76486486486488,4,0,0,1,Yes,0.8166666666666667,Yes,High Risk
6701-YVNQG,Male,0,Yes,No,72,Yes,Yes,DSL,Yes,Yes,Yes,Yes,Yes,Yes,Two year,Yes,Credit card (automatic),88.7,6301.7,49+ Months,$60-$89,87.52361111111111,8,1,1,1,No,0.0,No,Low Risk
7649-PHJVR,Male,0,No,No,11,Yes,No,No,No internet service,No internet service,No internet service,No internet service,No internet service,No internet service,One year,No,Mailed check,19.5,226.8,7-12 Months,Below $30,20.61818181818182,1,0,1,0,No,0.0,No,Low Risk
9278-VZKCD,Female,1,Yes,No,52,Yes,Yes,Fiber optic,Yes,Yes,Yes,No,Yes,Yes,Month-to-month,Yes,Electronic check,109.1,5647.95,49+ Months,$90+,108.61442307692307,7,1,0,1,No,0.25,No,Low Risk
7636-PEPNS,Female,0,Yes,Yes,58,Yes,No,DSL,No,No,No,No,No,No,One year,Yes,Mailed check,44.1,2413.05,49+ Months,$30-$59,41.60431034482759,1,0,1,1,No,0.08666666666666667,No,Low Risk
1575-KRZZE,Female,0,No,No,4,Yes,No,DSL,Yes,Yes,No,No,No,No,Month-to-month,No,Electronic check,55.2,220.65,0-6 Months,$30-$59,55.1625,3,1,0,0,No,0.7566666666666667,Yes,High Risk
8590-OHDIW,Female,0,Yes,Yes,38,Yes,No,No,No internet service,No internet service,No internet service,No internet service,No internet service,No internet service,One year,No,Mailed check,20.3,749.35,25-48 Months,Below $30,19.719736842105263,1,0,1,0,No,0.0033333333333333335,No,Low Risk
7764-BDPEE,Male,0,No,Yes,3,Yes,No,No,No internet service,No internet service,No internet service,No internet service,No internet service,No internet service,Month-to-month,No,Mailed check,20.85,60.65,0-6 Months,Below $30,20.216666666666665,1,0,0,0,No,0.09222222222222222,No,Low Risk
9480-BQJEI,Male,0,No,No,62,Yes,Yes,Fiber optic,Yes,Yes,No,No,No,Yes,One year,Yes,Bank transfer (automatic),92.3,5731.45,49+ Months,$90+,92.44274193548388,5,1,1,1,No,0.27666666666666667,No,Low Risk
3354-OADJP,Female,0,No,No,8,Yes,No,DSL,Yes,No,No,Yes,No,No,One year,No,Bank transfer (automatic),54.25,447.75,7-12 Months,$30-$59,55.96875,3,1,1,0,No,0.04,No,Low Risk
3181-MIZBN,Male,0,Yes,Yes,16,Yes,No,No,No internet service,No internet service,No internet service,No internet service,No internet service,No internet service,Month-to-month,No,Electronic check,19.75,313.4,13-24 Months,Below $30,19.5875,1,0,0,0,No,0.26666666666666666,No,Low Risk
9327-QSDED,Male,0,No,No,8,Yes,No,DSL,No,No,No,No,No,No,Month-to-month,No,Mailed check,43.55,335.4,7-12 Months,$30-$59,41.925,1,0,0,0,No,0.32666666666666666,No,Low Risk
4892-VLANZ,Male,0,No,No,1,Yes,No,No,No internet service,No internet service,No internet service,No internet service,No internet service,No internet service,Month-to-month,No,Mailed check,19.8,19.8,0-6 Months,Below $30,19.8,1,0,0,0,Yes,0.810468253968254,Yes,High Risk
0298-XACET,Male,0,Yes,Yes,52,No,No phone service,DSL,No,Yes,Yes,Yes,Yes,No,Two year,No,Mailed check,50.2,2554.0,49+ Months,$30-$59,49.11538461538461,4,1,1,0,No,0.03666666666666667,No,Low Risk
6917-FIJHC,Female,0,Yes,No,72,Yes,Yes,No,No internet service,No internet service,No internet service,No internet service,No internet service,No internet service,Two year,Yes,Mailed check,26.0,1776.0,49+ Months,Below $30,24.666666666666668,2,0,1,1,No,0.01,No,Low Risk
6557-BZXLQ,Male,1,No,No,16,Yes,No,Fiber optic,No,No,No,No,No,No,Month-to-month,No,Electronic check,69.65,1043.3,13-24 Months,$60-$89,65.20625,1,0,0,0,No,0.5666666666666667,Yes,Medium Risk
2432-TFSMK,Male,0,No,No,18,Yes,Yes,Fiber optic,No,No,Yes,No,Yes,No,One year,Yes,Credit card (automatic),89.6,1633.0,13-24 Months,$60-$89,90.72222222222224,4,0,1,1,No,0.25333333333333335,No,Low Risk
4211-MMAZN,Male,0,No,No,1,Yes,No,No,No internet service,No internet service,No internet service,No internet service,No internet service,No internet service,Month-to-month,No,Mailed check,20.25,20.25,0-6 Months,Below $30,20.25,1,0,0,0,Yes,0.15887037037037047,No,Low Risk
4751-ERMAN,Male,0,Yes,Yes,72,Yes,No,DSL,No,Yes,Yes,No,Yes,Yes,Two year,Yes,Bank transfer (automatic),75.4,5480.25,49+ Months,$60-$89,76.11458333333333,5,0,1,1,No,0.15333333333333332,No,Low Risk
8430-TWCBX,Female,0,Yes,No,49,Yes,No,No,No internet service,No internet service,No internet service,No internet service,No internet service,No internet service,One year,No,Credit card (automatic),20.7,1032.05,49+ Months,Below $30,21.062244897959182,1,0,1,0,No,0.08,No,Low Risk
1942-OQFRW,Male,0,No,No,1,Yes,No,DSL,No,No,No,No,No,No,Month-to-month,No,Electronic check,44.0,44.0,0-6 Months,$30-$59,44.0,1,0,0,0,No,0.42,Yes,Medium Risk
4075-JFPGR,Female,0,Yes,No,51,Yes,No,Fiber optic,Yes,Yes,Yes,No,Yes,No,One year,Yes,Electronic check,93.5,4619.55,49+ Months,$90+,90.57941176470588,5,1,1,1,No,0.23666666666666666,No,Low Risk
3339-EAQNV,Male,1,Yes,No,72,Yes,Yes,Fiber optic,No,Yes,No,No,Yes,Yes,One year,Yes,Credit card (automatic),97.25,7133.1,49+ Months,$90+,99.07083333333334,5,0,1,1,No,0.19666666666666666,No,Low Risk
5329-KRDTM,Male,1,Yes,No,72,Yes,Yes,DSL,No,Yes,Yes,Yes,Yes,No,Two year,No,Credit card (automatic),77.35,5396.25,49+ Months,$60-$89,74.94791666666667,6,1,1,0,No,0.11666666666666667,No,Low Risk
0307-BCOPK,Female,0,No,No,16,Yes,No,No,No internet service,No internet service,No internet service,No internet service,No internet service,No internet service,One year,No,Mailed check,19.05,326.65,13-24 Months,Below $30,20.415625,1,0,1,0,No,0.0,No,Low Risk
6473-ULUHT,Male,0,Yes,Yes,16,Yes,Yes,DSL,Yes,Yes,No,Yes,Yes,Yes,Month-to-month,No,Electronic check,84.9,1398.25,13-24 Months,$60-$89,87.390625,7,1,0,0,No,0.3233333333333333,No,Low Risk
1194-SPVSP,Male,0,No,No,1,Yes,No,No,No internet service,No internet service,No internet service,No internet service,No internet service,No internet service,Month-to-month,No,Bank transfer (automatic),19.65,19.65,0-6 Months,Below $30,19.65,1,0,0,0,No,0.3554960317460318,No,Low Risk
7249-WBIYX,Male,0,Yes,No,10,Yes,Yes,Fiber optic,No,No,No,No,Yes,No,Month-to-month,Yes,Electronic check,85.6,813.85,7-12 Months,$60-$89,81.385,3,0,0,1,Yes,0.87,Yes,High Risk
2293-IJWPS,Female,0,Yes,No,57,Yes,Yes,Fiber optic,No,No,Yes,No,Yes,Yes,One year,Yes,Credit card (automatic),100.75,5985.0,49+ Months,$90+,105.0,5,0,1,1,No,0.38,No,Low Risk
4377-VDHYI,Male,0,Yes,Yes,32,Yes,No,Fiber optic,Yes,Yes,No,No,No,Yes,One year,Yes,Electronic check,90.8,3023.85,25-48 Months,$90+,94.4953125,4,1,1,1,No,0.32666666666666666,No,Low Risk
0019-EFAEP,Female,0,No,No,72,Yes,Yes,Fiber optic,Yes,Yes,Yes,No,Yes,No,Two year,Yes,Bank transfer (automatic),101.3,7261.25,49+ Months,$90+,100.85069444444444,6,1,1,1,No,0.02666666666666667,No,Low Risk
2480-EJWYP,Female,1,Yes,No,58,Yes,Yes,Fiber optic,No,Yes,No,No,Yes,Yes,One year,Yes,Bank transfer (automatic),97.8,5458.8,49+ Months,$90+,94.11724137931034,5,0,1,1,No,0.48,Yes,Medium Risk
8970-ANWXO,Female,0,No,No,23,Yes,Yes,DSL,No,No,No,Yes,Yes,Yes,One year,Yes,Mailed check,73.75,1756.6,13-24 Months,$60-$89,76.37391304347825,5,1,1,1,No,0.14666666666666667,No,Low Risk
8739-WWKDU,Male,1,No,No,25,Yes,Yes,Fiber optic,No,Yes,No,No,Yes,No,Month-to-month,Yes,Electronic check,89.5,2196.15,25-48 Months,$60-$89,87.846,4,0,0,1,Yes,0.8866666666666667,Yes,High Risk
2171-UDMFD,Male,0,Yes,Yes,32,Yes,No,No,No internet service,No internet service,No internet service,No internet service,No internet service,No internet service,Month-to-month,Yes,Credit card (automatic),19.45,674.55,25-48 Months,Below $30,21.0796875,1,0,0,1,No,0.24333333333333335,No,Low Risk
7036-TYDEC,Female,0,No,No,69,Yes,Yes,Fiber optic,No,No,Yes,Yes,Yes,Yes,Two year,No,Electronic check,104.0,7028.5,49+ Months,$90+,101.8623188405797,6,1,1,0,No,0.23,No,Low Risk
3831-YCPUO,Female,0,Yes,Yes,72,Yes,No,Fiber optic,Yes,Yes,Yes,Yes,Yes,Yes,Two year,Yes,Credit card (automatic),109.5,7854.9,49+ Months,$90+,109.09583333333332,7,1,1,1,No,0.03666666666666667,No,Low Risk
0121-SNYRK,Male,0,No,No,50,No,No phone service,DSL,Yes,No,No,Yes,No,No,One year,Yes,Mailed check,35.4,1748.9,49+ Months,$30-$59,34.978,2,1,1,1,No,0.03333333333333333,No,Low Risk
3325-FUYCG,Male,0,Yes,Yes,28,Yes,Yes,Fiber optic,Yes,Yes,No,No,Yes,Yes,One year,No,Electronic check,106.1,2847.4,25-48 Months,$90+,101.69285714285716,6,1,1,0,Yes,0.22333333333333333,No,Low Risk
1952-DVVSW,Female,0,Yes,No,10,Yes,No,No,No internet service,No internet service,No internet service,No internet service,No internet service,No internet service,One year,No,Mailed check,20.1,184.4,7-12 Months,Below $30,18.44,1,0,1,0,No,0.07666666666666666,No,Low Risk
3571-DPYUH,Male,0,Yes,Yes,58,Yes,Yes,Fiber optic,No,Yes,No,Yes,Yes,No,One year,Yes,Credit card (automatic),94.7,5430.35,49+ Months,$90+,93.62672413793103,5,1,1,1,No,0.12666666666666668,No,Low Risk
2077-MPJQO,Male,1,Yes,No,7,Yes,Yes,Fiber optic,No,No,No,No,No,No,Month-to-month,Yes,Electronic check,75.4,533.05,7-12 Months,$60-$89,76.14999999999999,2,0,0,1,No,0.7666666666666667,Yes,High Risk
2391-SOORI,Male,0,No,Yes,4,Yes,No,DSL,Yes,No,No,No,No,No,Month-to-month,No,Electronic check,49.35,219.65,0-6 Months,$30-$59,54.9125,2,1,0,0,Yes,0.39,No,Low Risk
4086-ATNFV,Female,0,Yes,Yes,34,Yes,No,DSL,Yes,Yes,Yes,No,No,No,One year,Yes,Mailed check,60.8,2042.05,25-48 Months,$60-$89,60.06029411764706,4,1,1,1,No,0.02666666666666667,No,Low Risk
3396-DKDEL,Female,0,Yes,Yes,70,Yes,Yes,Fiber optic,Yes,Yes,Yes,Yes,Yes,Yes,Two year,Yes,Credit card (automatic),115.15,8250.0,49+ Months,$90+,117.85714285714286,8,1,1,1,No,0.07666666666666666,No,Low Risk
7471-MQPOS,Male,1,Yes,Yes,71,Yes,Yes,DSL,No,Yes,Yes,Yes,No,Yes,One year,Yes,Bank transfer (automatic),72.9,5139.65,49+ Months,$60-$89,72.38943661971831,6,1,1,1,No,0.51,Yes,Medium Risk
7181-OQCUT,Male,0,No,No,21,Yes,Yes,Fiber optic,Yes,No,Yes,No,Yes,Yes,Month-to-month,No,Mailed check,103.85,2215.0,13-24 Months,$90+,105.47619047619048,6,1,0,0,No,0.7333333333333333,Yes,High Risk
3489-VSFRD,Female,0,No,No,56,Yes,No,DSL,Yes,No,Yes,Yes,No,No,One year,Yes,Credit card (automatic),60.25,3282.75,49+ Months,$60-$89,58.62053571428572,4,1,1,1,No,0.07,No,Low Risk
6283-GITPX,Male,0,No,Yes,71,Yes,No,DSL,Yes,Yes,Yes,Yes,Yes,No,Two year,Yes,Credit card (automatic),76.9,5522.7,49+ Months,$60-$89,77.78450704225352,6,1,1,1,No,0.04666666666666667,No,Low Risk
2845-HSJCY,Female,0,Yes,Yes,14,Yes,Yes,Fiber optic,No,No,Yes,No,No,Yes,Month-to-month,Yes,Electronic check,87.25,1258.6,13-24 Months,$60-$89,89.89999999999999,4,0,0,1,Yes,0.7933333333333333,Yes,High Risk
7216-KAOID,Male,0,Yes,Yes,41,Yes,No,No,No internet service,No internet service,No internet service,No internet service,No internet service,No internet service,One year,No,Bank transfer (automatic),19.5,798.2,25-48 Months,Below $30,19.46829268292683,1,0,1,0,No,0.01,No,Low Risk
6680-WKXRZ,Female,0,No,No,3,Yes,Yes,Fiber optic,No,No,No,No,No,No,Month-to-month,No,Bank transfer (automatic),74.4,215.8,0-6 Months,$60-$89,71.93333333333334,2,0,0,0,Yes,0.7835555555555556,Yes,High Risk
2346-LOCWC,Female,0,Yes,Yes,58,Yes,No,No,No internet service,No internet service,No internet service,No internet service,No internet service,No internet service,Two year,No,Credit card (automatic),20.5,1191.4,49+ Months,Below $30,20.54137931034483,1,0,1,0,No,0.0,No,Low Risk
0769-MURVM,Female,0,Yes,Yes,72,No,No phone service,DSL,Yes,Yes,Yes,Yes,Yes,Yes,Two year,No,Bank transfer (automatic),65.7,4575.35,49+ Months,$60-$89,63.54652777777778,6,1,1,0,No,0.0,No,Low Risk
3374-LXDEV,Female,0,No,No,13,Yes,Yes,Fiber optic,No,Yes,Yes,Yes,No,No,Month-to-month,No,Electronic check,89.4,1132.35,13-24 Months,$60-$89,87.10384615384615,5,1,0,0,Yes,0.5433333333333333,Yes,Medium Risk
5318-YKDPV,Male,0,Yes,Yes,43,Yes,No,DSL,Yes,No,Yes,Yes,Yes,Yes,Two year,Yes,Credit card (automatic),79.15,3566.6,25-48 Months,$60-$89,82.94418604651163,6,1,1,1,No,0.06,No,Low Risk
8190-ZTQFB,Male,0,No,No,41,No,No phone service,DSL,No,No,Yes,No,Yes,Yes,One year,Yes,Electronic check,51.35,2075.1,25-48 Months,$30-$59,50.61219512195122,3,0,1,1,No,0.24333333333333335,No,Low Risk
4512-ZUIYL,Female,0,No,No,2,Yes,No,Fiber optic,No,No,No,No,No,No,Month-to-month,No,Bank transfer (automatic),70.0,153.05,0-6 Months,$60-$89,76.525,1,0,0,0,Yes,0.8063888888888888,Yes,High Risk
3090-QFUVD,Female,0,No,No,1,Yes,No,No,No internet service,No internet service,No internet service,No internet service,No internet service,No internet service,Month-to-month,No,Credit card (automatic),20.3,20.3,0-6 Months,Below $30,20.3,1,0,0,0,No,0.08458333333333333,No,Low Risk
4806-KEXQR,Male,0,No,No,4,Yes,No,Fiber optic,No,No,No,No,No,Yes,Month-to-month,Yes,Electronic check,79.9,324.3,0-6 Months,$60-$89,81.075,2,0,0,1,Yes,0.7766666666666666,Yes,High Risk
2369-FEVNO,Male,0,No,No,1,Yes,No,No,No internet service,No internet service,No internet service,No internet service,No internet service,No internet service,Month-to-month,Yes,Mailed check,19.9,19.9,0-6 Months,Below $30,19.9,1,0,0,1,No,0.4422222222222223,Yes,Medium Risk
9637-CDTKZ,Male,0,Yes,No,72,Yes,Yes,Fiber optic,Yes,Yes,Yes,Yes,Yes,Yes,Two year,Yes,Credit card (automatic),114.1,8086.4,49+ Months,$90+,112.3111111111111,8,1,1,1,No,0.006666666666666667,No,Low Risk
2954-PIBKO,Female,0,Yes,Yes,69,Yes,Yes,DSL,Yes,No,Yes,Yes,No,No,Two year,Yes,Credit card (automatic),64.15,4254.1,49+ Months,$60-$89,61.6536231884058,5,1,1,1,No,0.14,No,Low Risk
2212-LYASK,Male,0,Yes,Yes,27,No,No phone service,DSL,No,Yes,Yes,No,No,Yes,One year,Yes,Credit card (automatic),45.85,1246.4,25-48 Months,$30-$59,46.162962962962965,3,0,1,1,No,0.21666666666666667,No,Low Risk
9481-SFCQY,Female,0,No,Yes,14,Yes,No,DSL,No,No,Yes,No,Yes,No,Month-to-month,Yes,Credit card (automatic),59.8,824.85,13-24 Months,$30-$59,58.91785714285714,3,0,0,1,No,0.45,Yes,Medium Risk
2828-SLQPF,Male,0,No,No,19,Yes,No,DSL,No,No,No,No,No,No,Month-to-month,Yes,Bank transfer (automatic),45.0,865.85,13-24 Months,$30-$59,45.57105263157895,1,0,0,1,No,0.30666666666666664,No,Low Risk
4647-MUZON,Female,0,Yes,No,18,Yes,No,Fiber optic,No,No,Yes,No,Yes,Yes,Month-to-month,Yes,Credit card (automatic),95.95,1745.5,13-24 Months,$90+,96.97222222222224,4,0,0,1,No,0.6366666666666667,Yes,Medium Risk
8212-DJRCH,Male,0,Yes,Yes,5,Yes,No,Fiber optic,Yes,No,Yes,No,No,Yes,Month-to-month,Yes,Mailed check,90.35,434.5,0-6 Months,$90+,86.9,4,1,0,1,No,0.6566666666666666,Yes,Medium Risk
0516-OOHAR,Male,0,Yes,Yes,28,Yes,No,Fiber optic,No,Yes,Yes,No,Yes,Yes,One year,No,Bank transfer (automatic),100.35,2799.0,25-48 Months,$90+,99.96428571428572,5,0,1,0,No,0.30333333333333334,No,Low Risk
4973-RLZVI,Female,0,No,No,30,Yes,No,DSL,Yes,Yes,Yes,Yes,Yes,No,One year,No,Credit card (automatic),74.65,2308.6,25-48 Months,$60-$89,76.95333333333333,6,1,1,0,No,0.6066666666666667,Yes,Medium Risk
8089-UZWLX,Female,1,No,No,71,Yes,Yes,Fiber optic,No,No,Yes,No,Yes,Yes,Two year,No,Bank transfer (automatic),104.05,7413.55,49+ Months,$90+,104.4161971830986,5,0,1,0,No,0.18,No,Low Risk
9732-KPKBW,Male,0,No,No,1,Yes,No,DSL,Yes,No,No,Yes,No,No,Month-to-month,Yes,Electronic check,53.95,53.95,0-6 Months,$30-$59,53.95,3,1,0,1,Yes,0.5266666666666666,Yes,Medium Risk
9715-WZCLW,Male,0,Yes,Yes,71,Yes,Yes,Fiber optic,Yes,No,No,No,Yes,Yes,Two year,Yes,Electronic check,97.2,6910.3,49+ Months,$90+,97.32816901408452,5,1,1,1,No,0.18333333333333332,No,Low Risk
0257-KXZGU,Female,0,Yes,Yes,32,Yes,Yes,DSL,No,Yes,Yes,No,No,No,Month-to-month,No,Bank transfer (automatic),62.45,2045.55,25-48 Months,$60-$89,63.9234375,4,0,0,0,No,0.17333333333333334,No,Low Risk
0707-HOVVN,Female,1,No,No,70,Yes,Yes,DSL,No,Yes,Yes,Yes,Yes,No,Two year,Yes,Bank transfer (automatic),75.5,5212.65,49+ Months,$60-$89,74.46642857142857,6,1,1,1,No,0.12333333333333334,No,Low Risk
5501-TVMGM,Male,0,No,No,1,Yes,No,DSL,No,No,No,No,No,Yes,Month-to-month,Yes,Electronic check,55.25,55.25,0-6 Months,$30-$59,55.25,2,0,0,1,No,0.8133333333333334,Yes,High Risk
3422-LYEPQ,Male,0,Yes,Yes,1,Yes,No,Fiber optic,No,No,No,No,No,No,Month-to-month,Yes,Electronic check,71.0,71.0,0-6 Months,$60-$89,71.0,1,0,0,1,Yes,0.8766666666666667,Yes,High Risk
2277-VWCNI,Female,1,No,No,4,Yes,Yes,DSL,No,No,No,No,No,No,Month-to-month,No,Mailed check,48.75,179.85,0-6 Months,$30-$59,44.9625,2,0,0,0,No,0.8,Yes,High Risk
5461-QKNTN,Male,1,Yes,No,43,Yes,Yes,Fiber optic,No,Yes,No,Yes,Yes,No,Month-to-month,Yes,Electronic check,94.3,3953.15,25-48 Months,$90+,91.93372093023255,5,1,0,1,No,0.5433333333333333,Yes,Medium Risk
3967-KXAPS,Male,0,Yes,No,72,Yes,Yes,DSL,Yes,Yes,Yes,Yes,Yes,Yes,Two year,No,Credit card (automatic),92.3,6719.9,49+ Months,$90+,93.33194444444445,8,1,1,0,No,0.0,No,Low Risk
6919-ELBGL,Male,1,Yes,Yes,72,Yes,Yes,Fiber optic,Yes,Yes,Yes,Yes,Yes,Yes,Two year,Yes,Bank transfer (automatic),114.95,8196.4,49+ Months,$90+,113.83888888888887,8,1,1,1,No,0.006666666666666667,No,Low Risk
8361-LTMKD,Male,1,Yes,No,4,Yes,Yes,Fiber optic,No,No,No,No,No,No,Month-to-month,Yes,Mailed check,74.4,306.6,0-6 Months,$60-$89,76.65,2,0,0,1,Yes,0.7833333333333333,Yes,High Risk
1131-ALZWV,Female,0,No,No,24,Yes,Yes,No,No internet service,No internet service,No internet service,No internet service,No internet service,No internet service,One year,No,Bank transfer (automatic),24.6,605.25,13-24 Months,Below $30,25.21875,2,0,1,0,No,0.08333333333333333,No,Low Risk
5178-LMXOP,Male,1,Yes,No,1,Yes,Yes,Fiber optic,No,No,No,No,Yes,Yes,Month-to-month,Yes,Electronic check,95.1,95.1,0-6 Months,$90+,95.1,4,0,0,1,Yes,0.9833333333333333,Yes,High Risk
8992-CEUEN,Female,0,No,No,1,Yes,No,No,No internet service,No internet service,No internet service,No internet service,No internet service,No internet service,Month-to-month,No,Electronic check,18.85,18.85,0-6 Months,Below $30,18.85,1,0,0,0,No,0.5033333333333333,Yes,Medium Risk
3320-VEOYC,Male,1,No,No,14,Yes,Yes,Fiber optic,No,No,No,No,Yes,Yes,Month-to-month,Yes,Electronic check,95.6,1273.3,13-24 Months,$90+,90.95,4,0,0,1,No,0.8266666666666667,Yes,High Risk
3672-YITQD,Male,1,Yes,No,36,Yes,Yes,Fiber optic,No,No,No,No,No,Yes,Month-to-month,Yes,Electronic check,84.1,3021.6,25-48 Months,$60-$89,83.93333333333334,3,0,0,1,Yes,0.79,Yes,High Risk
6080-TCMYC,Male,0,Yes,Yes,40,Yes,Yes,Fiber optic,No,No,Yes,No,No,No,Month-to-month,Yes,Electronic check,81.2,3292.3,25-48 Months,$60-$89,82.3075,3,0,0,1,No,0.57,Yes,Medium Risk
6734-FQAJX,Male,1,No,No,67,Yes,No,Fiber optic,Yes,Yes,No,Yes,Yes,Yes,Two year,Yes,Electronic check,105.05,7171.7,49+ Months,$90+,107.04029850746268,6,1,1,1,No,0.23333333333333334,No,Low Risk
1063-DHQJF,Male,0,Yes,Yes,69,Yes,No,Fiber optic,No,Yes,No,Yes,Yes,No,Two year,Yes,Mailed check,92.15,6480.9,49+ Months,$90+,93.92608695652171,4,1,1,1,No,0.07333333333333333,No,Low Risk
3976-NLDEZ,Male,0,No,No,1,Yes,No,No,No internet service,No internet service,No internet service,No internet service,No internet service,No internet service,Month-to-month,No,Mailed check,20.6,20.6,0-6 Months,Below $30,20.6,1,0,0,0,No,0.9533333333333334,Yes,High Risk
1729-VLAZJ,Female,0,No,Yes,10,No,No phone service,DSL,Yes,Yes,No,Yes,No,No,One year,No,Mailed check,40.25,411.45,7-12 Months,$30-$59,41.145,3,1,1,0,No,0.02666666666666667,No,Low Risk
3400-ESFUW,Male,0,Yes,Yes,55,Yes,No,DSL,Yes,Yes,No,Yes,No,No,Two year,No,Bank transfer (automatic),57.55,3046.4,49+ Months,$30-$59,55.38909090909091,4,1,1,0,Yes,0.0033333333333333335,No,Low Risk
5271-YNWVR,Male,0,Yes,Yes,68,Yes,Yes,Fiber optic,Yes,Yes,Yes,Yes,Yes,Yes,Two year,Yes,Electronic check,113.15,7856.0,49+ Months,$90+,115.52941176470588,8,1,1,1,Yes,0.02,No,Low Risk
1587-FKLZB,Male,1,Yes,Yes,66,Yes,Yes,Fiber optic,No,No,Yes,No,Yes,Yes,Month-to-month,Yes,Credit card (automatic),99.5,6822.15,49+ Months,$90+,103.36590909090908,5,0,0,1,Yes,0.6466666666666666,Yes,Medium Risk
0958-YHXGP,Female,0,No,No,7,Yes,No,Fiber optic,No,No,No,No,No,No,Month-to-month,Yes,Mailed check,69.9,497.3,7-12 Months,$60-$89,71.04285714285714,1,0,0,1,No,0.57,Yes,Medium Risk
1494-EJZDW,Female,0,Yes,Yes,10,Yes,No,No,No internet service,No internet service,No internet service,No internet service,No internet service,No internet service,Two year,No,Mailed check,20.15,220.8,7-12 Months,Below $30,22.08,1,0,1,0,No,0.01,No,Low Risk
1816-FLZDK,Male,0,No,No,1,No,No phone service,DSL,No,No,No,Yes,No,No,Month-to-month,No,Mailed check,29.15,29.15,0-6 Months,Below $30,29.15,1,1,0,0,No,0.5166666666666667,Yes,Medium Risk
2075-PUEPR,Male,0,Yes,Yes,55,Yes,No,No,No internet service,No internet service,No internet service,No internet service,No internet service,No internet service,Two year,No,Bank transfer (automatic),19.35,1153.25,49+ Months,Below $30,20.96818181818182,1,0,1,0,No,0.05333333333333334,No,Low Risk
1833-TCXKK,Male,0,Yes,No,45,Yes,Yes,Fiber optic,No,Yes,Yes,No,Yes,Yes,Month-to-month,Yes,Bank transfer (automatic),107.75,4882.8,25-48 Months,$90+,108.50666666666667,6,0,0,1,No,0.7966666666666666,Yes,High Risk
1436-ZMJAN,Female,0,Yes,No,10,Yes,No,DSL,No,No,Yes,No,Yes,Yes,Month-to-month,Yes,Credit card (automatic),67.8,653.15,7-12 Months,$60-$89,65.315,4,0,0,1,No,0.35,No,Low Risk
0106-UGRDO,Female,0,Yes,No,69,Yes,Yes,Fiber optic,Yes,Yes,Yes,Yes,Yes,Yes,Two year,Yes,Electronic check,116.0,8182.85,49+ Months,$90+,118.59202898550726,8,1,1,1,No,0.03333333333333333,No,Low Risk
1069-XAIEM,Female,1,No,No,1,Yes,Yes,Fiber optic,No,No,No,No,No,Yes,Month-to-month,Yes,Electronic check,85.05,85.05,0-6 Months,$60-$89,85.05,3,0,0,1,Yes,0.9933333333333333,Yes,High Risk
4213-HKBJO,Female,0,No,No,33,Yes,Yes,No,No internet service,No internet service,No internet service,No internet service,No internet service,No internet service,Two year,No,Credit card (automatic),25.7,826.1,25-48 Months,Below $30,25.03333333333333,2,0,1,0,No,0.13666666666666666,No,Low Risk
8345-MVDYC,Female,0,No,No,45,Yes,No,DSL,Yes,No,Yes,Yes,Yes,Yes,Two year,No,Bank transfer (automatic),81.65,3618.7,25-48 Months,$60-$89,80.41555555555556,6,1,1,0,No,0.02666666666666667,No,Low Risk
2672-OJQZP,Female,0,No,No,1,Yes,No,DSL,No,No,No,No,No,No,Month-to-month,No,Mailed check,44.75,44.75,0-6 Months,$30-$59,44.75,1,0,0,0,No,0.6866666666666666,Yes,Medium Risk
5136-RGMZO,Male,0,No,No,31,Yes,Yes,DSL,No,Yes,No,Yes,Yes,No,Month-to-month,Yes,Electronic check,71.05,2168.15,25-48 Months,$60-$89,69.94032258064516,5,1,0,1,No,0.22666666666666666,No,Low Risk
5774-QPLTF,Male,0,Yes,Yes,50,Yes,No,No,No internet service,No internet service,No internet service,No internet service,No internet service,No internet service,One year,Yes,Mailed check,20.35,938.95,49+ Months,Below $30,18.779,1,0,1,1,No,0.013333333333333334,No,Low Risk
5240-CAOYT,Female,0,No,No,57,Yes,Yes,Fiber optic,Yes,Yes,No,Yes,No,No,Month-to-month,Yes,Bank transfer (automatic),87.55,4884.85,49+ Months,$60-$89,85.69912280701755,5,1,0,1,No,0.12666666666666668,No,Low Risk
3707-GNWHM,Male,0,No,No,1,Yes,Yes,Fiber optic,No,No,No,No,No,No,Month-to-month,Yes,Mailed check,74.25,74.25,0-6 Months,$60-$89,74.25,2,0,0,1,Yes,0.9533333333333334,Yes,High Risk
5159-YFPKQ,Female,0,No,No,2,Yes,No,Fiber optic,No,No,Yes,No,No,No,Month-to-month,Yes,Electronic check,75.8,160.75,0-6 Months,$60-$89,80.375,2,0,0,1,Yes,0.8233333333333334,Yes,High Risk
5052-PNLOS,Male,0,No,No,3,Yes,Yes,Fiber optic,No,Yes,Yes,No,Yes,Yes,Month-to-month,Yes,Bank transfer (automatic),105.35,323.25,0-6 Months,$90+,107.75,6,0,0,1,Yes,0.8066666666666666,Yes,High Risk
6173-GOLSU,Male,1,Yes,No,67,Yes,Yes,Fiber optic,No,No,No,No,Yes,Yes,Month-to-month,Yes,Credit card (automatic),94.65,6079.0,49+ Months,$90+,90.73134328358208,4,0,0,1,No,0.6566666666666666,Yes,Medium Risk
6661-HBGWL,Female,1,No,No,42,Yes,Yes,Fiber optic,No,Yes,Yes,No,Yes,Yes,Month-to-month,Yes,Bank transfer (automatic),104.75,4323.45,25-48 Months,$90+,102.93928571428572,6,0,0,1,Yes,0.73,Yes,High Risk
8207-VVMYB,Female,0,Yes,No,70,Yes,Yes,No,No internet service,No internet service,No internet service,No internet service,No internet service,No internet service,Two year,Yes,Bank transfer (automatic),26.0,2006.95,49+ Months,Below $30,28.670714285714286,2,0,1,1,No,0.013333333333333334,No,Low Risk
5324-KTGCG,Male,0,Yes,No,71,Yes,No,No,No internet service,No internet service,No internet service,No internet service,No internet service,No internet service,One year,No,Electronic check,20.85,1539.75,49+ Months,Below $30,21.68661971830986,1,0,1,0,No,0.09333333333333334,No,Low Risk
7354-OIJLX,Male,0,No,No,9,Yes,Yes,Fiber optic,No,No,No,No,No,No,Month-to-month,Yes,Electronic check,75.85,724.65,7-12 Months,$60-$89,80.51666666666667,2,0,0,1,No,0.56,Yes,Medium Risk
9286-BHDQG,Male,0,Yes,Yes,72,No,No phone service,DSL,Yes,Yes,Yes,Yes,No,No,Two year,No,Credit card (automatic),45.25,3139.8,49+ Months,$30-$59,43.60833333333333,4,1,1,0,No,0.023333333333333334,No,Low Risk
3567-PQTSO,Male,0,Yes,Yes,53,Yes,Yes,Fiber optic,No,Yes,Yes,No,Yes,Yes,One year,Yes,Electronic check,105.25,5576.3,49+ Months,$90+,105.21320754716982,6,0,1,1,No,0.12666666666666668,No,Low Risk
3197-ARFOY,Female,1,No,No,19,Yes,No,Fiber optic,Yes,Yes,No,Yes,Yes,Yes,Month-to-month,Yes,Mailed check,105.0,2007.25,13-24 Months,$90+,105.64473684210526,6,1,0,1,No,0.72,Yes,High Risk
5698-BQJOH,Female,0,No,No,9,Yes,Yes,Fiber optic,No,No,No,No,Yes,Yes,Month-to-month,No,Electronic check,94.4,857.25,7-12 Months,$90+,95.25,4,0,0,0,Yes,0.83,Yes,High Risk
1090-ESELR,Male,0,Yes,Yes,72,Yes,No,Fiber optic,Yes,Yes,No,Yes,Yes,Yes,Two year,No,Bank transfer (automatic),105.5,7611.55,49+ Months,$90+,105.71597222222222,6,1,1,0,No,0.07666666666666666,No,Low Risk
0056-EPFBG,Male,0,Yes,Yes,20,No,No phone service,DSL,Yes,No,Yes,Yes,No,No,Two year,Yes,Credit card (automatic),39.4,825.4,13-24 Months,$30-$59,41.27,3,1,1,1,No,0.056666666666666664,No,Low Risk
4955-VCWBI,Female,0,Yes,Yes,43,Yes,No,No,No internet service,No internet service,No internet service,No internet service,No internet service,No internet service,One year,No,Mailed check,20.0,817.95,25-48 Months,Below $30,19.022093023255817,1,0,1,0,No,0.01,No,Low Risk
4717-GHADL,Female,0,No,No,50,Yes,Yes,DSL,No,Yes,No,Yes,Yes,Yes,Two year,Yes,Mailed check,79.6,4024.2,49+ Months,$60-$89,80.484,6,1,1,1,No,0.03666666666666667,No,Low Risk
0058-EVZWM,Female,0,Yes,No,55,Yes,Yes,Fiber optic,Yes,No,No,No,Yes,No,Month-to-month,Yes,Bank transfer (automatic),89.8,4959.6,49+ Months,$60-$89,90.17454545454548,4,1,0,1,No,0.2966666666666667,No,Low Risk
7218-HKQFK,Male,0,Yes,No,2,Yes,No,Fiber optic,No,No,No,Yes,Yes,Yes,Month-to-month,Yes,Electronic check,94.2,167.5,0-6 Months,$90+,83.75,4,1,0,1,Yes,0.8233333333333334,Yes,High Risk
5057-RKGLH,Female,0,Yes,Yes,9,Yes,No,No,No internet service,No internet service,No internet service,No internet service,No internet service,No internet service,Two year,No,Mailed check,20.35,191.1,7-12 Months,Below $30,21.23333333333333,1,0,1,0,No,0.0,No,Low Risk
2309-OSFEU,Male,0,No,No,10,No,No phone service,DSL,No,No,No,No,No,Yes,Month-to-month,Yes,Mailed check,33.9,298.45,7-12 Months,$30-$59,29.845,1,0,0,1,Yes,0.44,Yes,Medium Risk
3429-IFLEM,Female,0,No,No,71,Yes,No,DSL,Yes,Yes,Yes,Yes,Yes,No,Two year,No,Credit card (automatic),77.35,5550.1,49+ Months,$60-$89,78.17042253521127,6,1,1,0,No,0.07333333333333333,No,Low Risk
1550-LOAHA,Female,0,Yes,No,32,Yes,No,Fiber optic,No,Yes,No,No,No,Yes,Month-to-month,No,Bank transfer (automatic),84.15,2585.95,25-48 Months,$60-$89,80.8109375,3,0,0,0,Yes,0.4766666666666667,Yes,Medium Risk
1400-MMYXY,Male,1,Yes,No,3,Yes,Yes,Fiber optic,No,Yes,Yes,No,Yes,Yes,Month-to-month,Yes,Electronic check,105.9,334.65,0-6 Months,$90+,111.55,6,0,0,1,Yes,0.76,Yes,High Risk
7503-QQRVF,Male,1,Yes,No,16,Yes,No,Fiber optic,No,Yes,No,No,No,No,Month-to-month,Yes,Credit card (automatic),74.3,1178.25,13-24 Months,$60-$89,73.640625,2,0,0,1,Yes,0.7766666666666666,Yes,High Risk
7504-UWHNB,Male,0,No,No,25,Yes,No,Fiber optic,No,No,No,No,No,No,Month-to-month,No,Electronic check,69.75,1729.35,25-48 Months,$60-$89,69.17399999999999,1,0,0,0,No,0.6933333333333334,Yes,Medium Risk
9565-JSNFM,Male,0,No,No,38,Yes,No,Fiber optic,No,No,No,No,No,No,One year,Yes,Bank transfer (automatic),70.45,2597.6,25-48 Months,$60-$89,68.3578947368421,1,0,1,1,Yes,0.10666666666666667,No,Low Risk
4735-BJKOU,Female,0,No,No,40,Yes,No,No,No internet service,No internet service,No internet service,No internet service,No internet service,No internet service,Two year,No,Mailed check,20.15,804.85,25-48 Months,Below $30,20.12125,1,0,1,0,No,0.0,No,Low Risk
3580-GICBM,Female,0,Yes,Yes,61,Yes,Yes,No,No internet service,No internet service,No internet service,No internet service,No internet service,No internet service,Two year,Yes,Mailed check,24.2,1445.2,49+ Months,Below $30,23.691803278688525,2,0,1,1,No,0.023333333333333334,No,Low Risk
7632-YUTXB,Female,0,Yes,Yes,25,Yes,No,No,No internet service,No internet service,No internet service,No internet service,No internet service,No internet service,One year,No,Mailed check,20.05,520.1,25-48 Months,Below $30,20.804,1,0,1,0,No,0.0033333333333333335,No,Low Risk
9412-ARGBX,Female,0,No,Yes,48,Yes,No,Fiber optic,No,Yes,Yes,Yes,Yes,No,Two year,Yes,Mailed check,95.5,4627.85,25-48 Months,$90+,96.41354166666667,5,1,1,1,Yes,0.08666666666666667,No,Low Risk
9576-ANLXO,Female,0,No,No,3,Yes,No,Fiber optic,No,No,No,No,No,No,Month-to-month,Yes,Bank transfer (automatic),69.55,222.3,0-6 Months,$60-$89,74.10000000000001,1,0,0,1,Yes,0.65,Yes,Medium Risk
1110-KYLGQ,Female,0,No,No,63,Yes,Yes,Fiber optic,Yes,Yes,Yes,No,Yes,Yes,Month-to-month,No,Credit card (automatic),108.25,6780.1,49+ Months,$90+,107.62063492063491,7,1,0,0,No,0.19,No,Low Risk
8696-JKZNU,Female,1,No,No,37,Yes,Yes,Fiber optic,No,No,No,No,No,No,Month-to-month,Yes,Electronic check,76.25,2841.55,25-48 Months,$60-$89,76.79864864864865,2,0,0,1,Yes,0.5966666666666667,Yes,Medium Risk
8757-TFHHJ,Male,0,No,No,1,Yes,No,DSL,Yes,No,No,No,No,No,Month-to-month,Yes,Credit card (automatic),49.8,49.8,0-6 Months,$30-$59,49.8,2,1,0,1,No,0.4766666666666667,Yes,Medium Risk
2955-BJZHG,Male,0,Yes,Yes,17,Yes,No,Fiber optic,No,No,No,No,Yes,No,Month-to-month,No,Electronic check,80.85,1400.85,13-24 Months,$60-$89,82.40294117647058,2,0,0,0,Yes,0.5933333333333334,Yes,Medium Risk
9048-JVYVF,Male,0,No,No,3,Yes,No,DSL,No,No,No,Yes,Yes,Yes,Month-to-month,Yes,Electronic check,69.35,191.35,0-6 Months,$60-$89,63.78333333333333,4,1,0,1,Yes,0.3433333333333333,No,Low Risk
0682-USIXD,Female,0,Yes,No,21,Yes,No,Fiber optic,No,No,No,Yes,Yes,No,Month-to-month,Yes,Electronic check,86.05,1818.9,13-24 Months,$60-$89,86.61428571428571,3,1,0,1,No,0.5733333333333334,Yes,Medium Risk
3884-UEBXB,Female,0,Yes,Yes,67,No,No phone service,DSL,Yes,Yes,No,No,No,No,Two year,No,Bank transfer (automatic),36.15,2434.45,49+ Months,$30-$59,36.33507462686567,2,1,1,0,No,0.03333333333333333,No,Low Risk
1776-SPBWV,Female,0,Yes,Yes,34,Yes,No,No,No internet service,No internet service,No internet service,No internet service,No internet service,No internet service,One year,Yes,Bank transfer (automatic),20.1,682.1,25-48 Months,Below $30,20.061764705882357,1,0,1,1,No,0.02,No,Low Risk
9050-QLROH,Male,0,No,No,18,Yes,Yes,Fiber optic,No,No,Yes,No,No,Yes,Month-to-month,Yes,Credit card (automatic),90.7,1597.25,13-24 Months,$90+,88.73611111111111,4,0,0,1,Yes,0.5133333333333333,Yes,Medium Risk
2925-VDZHY,Male,0,Yes,Yes,72,Yes,Yes,DSL,Yes,Yes,Yes,Yes,Yes,Yes,Two year,No,Credit card (automatic),88.7,6501.35,49+ Months,$60-$89,90.29652777777778,8,1,1,0,No,0.0,No,Low Risk
9512-UIBFX,Male,0,Yes,Yes,18,Yes,No,Fiber optic,No,No,Yes,No,Yes,Yes,Month-to-month,No,Mailed check,95.15,1779.95,13-24 Months,$90+,98.88611111111112,4,0,0,0,Yes,0.5533333333333333,Yes,Medium Risk
8676-TRMJS,Male,0,No,No,3,Yes,Yes,Fiber optic,No,No,No,No,No,No,Month-to-month,No,Mailed check,75.0,209.1,0-6 Months,$60-$89,69.7,2,0,0,0,Yes,0.7110000000000001,Yes,High Risk
3334-CTHOL,Female,0,No,No,1,Yes,Yes,DSL,No,No,No,No,No,No,Month-to-month,Yes,Bank transfer (automatic),49.95,49.95,0-6 Months,$30-$59,49.95,2,0,0,1,Yes,0.5966666666666667,Yes,Medium Risk
6331-LWDTQ,Male,0,No,No,10,Yes,Yes,DSL,No,No,No,No,Yes,Yes,Month-to-month,Yes,Credit card (automatic),72.15,794.25,7-12 Months,$60-$89,79.425,4,0,0,1,Yes,0.3933333333333333,No,Low Risk
3847-BAERP,Female,0,No,No,10,Yes,No,No,No internet service,No internet service,No internet service,No internet service,No internet service,No internet service,Month-to-month,Yes,Mailed check,20.9,247.0,7-12 Months,Below $30,24.7,1,0,0,1,No,0.05,No,Low Risk
4709-LKHYG,Female,0,Yes,Yes,29,Yes,No,No,No internet service,No internet service,No internet service,No internet service,No internet service,No internet service,One year,No,Electronic check,20.0,540.05,25-48 Months,Below $30,18.622413793103448,1,0,1,0,No,0.01,No,Low Risk
8621-MNIHH,Female,1,Yes,No,34,Yes,Yes,Fiber optic,No,Yes,Yes,No,No,Yes,Month-to-month,Yes,Electronic check,94.25,3217.55,25-48 Months,$90+,94.63382352941176,5,0,0,1,Yes,0.5866666666666667,Yes,Medium Risk
8884-ADFVN,Male,1,Yes,No,7,Yes,Yes,Fiber optic,No,No,Yes,No,Yes,Yes,Month-to-month,Yes,Electronic check,101.95,700.85,7-12 Months,$90+,100.12142857142858,5,0,0,1,Yes,0.9666666666666667,Yes,High Risk
2885-HIJDH,Male,0,Yes,Yes,69,Yes,Yes,DSL,Yes,No,Yes,Yes,Yes,Yes,Two year,No,Bank transfer (automatic),86.9,6194.1,49+ Months,$60-$89,89.7695652173913,7,1,1,0,No,0.03666666666666667,No,Low Risk
8570-KLJYJ,Female,0,No,No,36,Yes,Yes,DSL,Yes,No,No,No,No,No,One year,No,Mailed check,54.45,1893.5,25-48 Months,$30-$59,52.59722222222222,3,1,1,0,No,0.01,No,Low Risk
9339-FIIJL,Male,0,Yes,No,72,Yes,Yes,DSL,No,Yes,Yes,Yes,Yes,Yes,Two year,No,Bank transfer (automatic),85.95,6151.9,49+ Months,$60-$89,85.44305555555555,7,1,1,0,No,0.0,No,Low Risk
6223-DHJGV,Female,0,No,No,42,Yes,No,No,No internet service,No internet service,No internet service,No internet service,No internet service,No internet service,One year,Yes,Mailed check,20.65,958.1,25-48 Months,Below $30,22.811904761904763,1,0,1,1,No,0.0033333333333333335,No,Low Risk
0959-WHOKV,Male,0,No,No,42,Yes,Yes,Fiber optic,Yes,Yes,Yes,No,No,Yes,One year,Yes,Electronic check,99.0,4298.45,25-48 Months,$90+,102.3440476190476,6,1,1,1,No,0.23,No,Low Risk
9610-WCESF,Male,0,No,No,67,No,No phone service,DSL,Yes,No,No,Yes,Yes,No,Two year,No,Electronic check,43.9,3097.2,49+ Months,$30-$59,46.22686567164179,3,1,1,0,No,0.17666666666666667,No,Low Risk
9279-CJEOJ,Female,1,No,No,21,Yes,Yes,Fiber optic,No,No,No,No,Yes,Yes,Month-to-month,Yes,Bank transfer (automatic),95.4,2025.1,13-24 Months,$90+,96.43333333333332,4,0,0,1,No,0.8266666666666667,Yes,High Risk
2985-FMWYF,Female,0,No,No,23,Yes,Yes,Fiber optic,No,No,No,No,Yes,Yes,Month-to-month,Yes,Electronic check,93.5,2341.55,13-24 Months,$90+,101.80652173913045,4,0,0,1,No,0.76,Yes,High Risk
3540-RZJYU,Female,0,No,No,15,Yes,No,Fiber optic,Yes,No,No,No,Yes,No,Month-to-month,No,Electronic check,86.2,1270.2,13-24 Months,$60-$89,84.68,3,1,0,0,Yes,0.6466666666666666,Yes,Medium Risk
2522-WLNSF,Female,1,Yes,No,34,Yes,No,DSL,No,No,Yes,Yes,Yes,No,One year,No,Bank transfer (automatic),64.2,2106.3,25-48 Months,$60-$89,61.95,4,1,1,0,No,0.07666666666666666,No,Low Risk
6861-XWTWQ,Male,1,Yes,No,7,Yes,Yes,Fiber optic,No,No,Yes,No,Yes,Yes,Month-to-month,Yes,Electronic check,99.25,665.45,7-12 Months,$90+,95.06428571428572,5,0,0,1,Yes,0.9666666666666667,Yes,High Risk
8735-NBLWT,Male,0,No,Yes,9,Yes,No,No,No internet service,No internet service,No internet service,No internet service,No internet service,No internet service,Month-to-month,No,Mailed check,20.4,184.1,7-12 Months,Below $30,20.45555555555556,1,0,0,0,No,0.03666666666666667,No,Low Risk
1744-JHKYS,Female,0,Yes,No,34,Yes,Yes,No,No internet service,No internet service,No internet service,No internet service,No internet service,No internet service,Month-to-month,No,Electronic check,24.7,780.2,25-48 Months,Below $30,22.947058823529414,2,0,0,0,No,0.07666666666666666,No,Low Risk
0841-NULXI,Male,0,No,No,1,No,No phone service,DSL,No,No,No,No,No,Yes,Month-to-month,Yes,Electronic check,35.55,35.55,0-6 Months,$30-$59,35.55,1,0,0,1,Yes,0.9966666666666667,Yes,High Risk
4016-BJKTZ,Female,0,No,No,25,Yes,Yes,Fiber optic,No,Yes,Yes,Yes,Yes,Yes,Two year,No,Electronic check,108.9,2809.05,25-48 Months,$90+,112.362,7,1,1,0,No,0.33,No,Low Risk
9298-WGMRW,Female,0,Yes,No,72,Yes,Yes,Fiber optic,Yes,Yes,Yes,Yes,Yes,Yes,Two year,Yes,Bank transfer (automatic),115.5,8312.75,49+ Months,$90+,115.45486111111111,8,1,1,1,No,0.0033333333333333335,No,Low Risk
7893-IXHRQ,Male,0,No,No,1,Yes,No,No,No internet service,No internet service,No internet service,No internet service,No internet service,No internet service,Month-to-month,No,Electronic check,20.55,20.55,0-6 Months,Below $30,20.55,1,0,0,0,Yes,0.355,No,Low Risk
8785-CJSHH,Female,0,Yes,No,60,Yes,Yes,Fiber optic,No,Yes,No,No,Yes,Yes,Month-to-month,Yes,Electronic check,99.8,5985.75,49+ Months,$90+,99.7625,5,0,0,1,No,0.5733333333333334,Yes,Medium Risk
7654-YWJUF,Male,0,Yes,No,43,Yes,No,Fiber optic,Yes,No,Yes,Yes,No,No,One year,Yes,Bank transfer (automatic),84.25,3539.25,25-48 Months,$60-$89,82.30813953488372,4,1,1,1,No,0.11,No,Low Risk
8909-BOLNL,Male,0,No,No,3,Yes,No,No,No internet service,No internet service,No internet service,No internet service,No internet service,No internet service,One year,No,Mailed check,21.2,52.05,0-6 Months,Below $30,17.349999999999998,1,0,1,0,No,0.04,No,Low Risk
9919-FZDED,Male,1,Yes,No,72,Yes,Yes,DSL,Yes,Yes,Yes,No,Yes,Yes,Two year,Yes,Credit card (automatic),84.1,5981.65,49+ Months,$60-$89,83.07847222222222,7,1,1,1,No,0.02,No,Low Risk
0322-CHQRU,Male,0,No,No,2,Yes,No,DSL,No,No,No,No,No,No,Month-to-month,No,Electronic check,45.35,89.5,0-6 Months,$30-$59,44.75,1,0,0,0,Yes,0.7533333333333333,Yes,High Risk
3587-PMCOY,Male,0,No,No,10,Yes,No,Fiber optic,Yes,No,Yes,No,Yes,Yes,One year,Yes,Electronic check,98.9,1064.95,7-12 Months,$90+,106.495,5,1,1,1,No,0.38666666666666666,No,Low Risk
0655-RBDUG,Male,0,No,No,7,Yes,Yes,Fiber optic,No,No,Yes,No,Yes,Yes,Month-to-month,Yes,Bank transfer (automatic),98.05,713.0,7-12 Months,$90+,101.85714285714286,5,0,0,1,Yes,0.9566666666666667,Yes,High Risk
0983-TATYJ,Female,0,Yes,No,33,Yes,No,DSL,No,No,No,Yes,No,No,One year,Yes,Mailed check,51.45,1758.9,25-48 Months,$30-$59,53.3,2,1,1,1,No,0.13666666666666666,No,Low Risk
5650-YLIBA,Male,0,No,No,31,Yes,Yes,Fiber optic,No,Yes,No,No,No,No,Month-to-month,Yes,Electronic check,81.15,2640.55,25-48 Months,$60-$89,85.17903225806452,3,0,0,1,No,0.5133333333333333,Yes,Medium Risk
5144-TVGLP,Male,1,No,No,38,Yes,Yes,Fiber optic,No,No,No,No,Yes,Yes,Month-to-month,No,Electronic check,94.75,3653.0,25-48 Months,$90+,96.13157894736842,4,0,0,0,No,0.46,Yes,Medium Risk
3569-EDBPQ,Female,0,No,No,24,Yes,Yes,Fiber optic,Yes,No,No,Yes,No,No,Month-to-month,Yes,Electronic check,84.35,1938.05,13-24 Months,$60-$89,80.75208333333333,4,1,0,1,No,0.41,Yes,Medium Risk
4945-RVMTE,Female,0,No,No,28,Yes,No,DSL,No,No,Yes,No,Yes,No,Month-to-month,Yes,Bank transfer (automatic),59.55,1646.45,25-48 Months,$30-$59,58.801785714285714,3,0,0,1,No,0.32666666666666666,No,Low Risk
3511-BFTJW,Male,0,Yes,Yes,72,No,No phone service,DSL,Yes,Yes,Yes,No,No,No,Two year,No,Credit card (automatic),38.5,2763.0,49+ Months,$30-$59,38.375,3,1,1,0,No,0.04666666666666667,No,Low Risk
5537-UXXVS,Female,0,Yes,No,20,Yes,No,No,No internet service,No internet service,No internet service,No internet service,No internet service,No internet service,Month-to-month,No,Bank transfer (automatic),19.25,375.25,13-24 Months,Below $30,18.7625,1,0,0,0,No,0.29,No,Low Risk
8782-NUUOL,Male,0,No,No,60,Yes,No,DSL,Yes,No,Yes,Yes,Yes,Yes,One year,No,Mailed check,79.0,4801.1,49+ Months,$60-$89,80.01833333333335,6,1,1,0,No,0.12666666666666668,No,Low Risk
2865-TCHJW,Female,1,No,No,4,Yes,Yes,Fiber optic,No,No,Yes,No,Yes,No,Month-to-month,Yes,Electronic check,89.2,346.2,0-6 Months,$60-$89,86.55,4,0,0,1,Yes,0.9366666666666666,Yes,High Risk
9931-KGHOA,Female,0,Yes,No,46,Yes,Yes,DSL,Yes,No,No,No,No,No,Month-to-month,No,Bank transfer (automatic),55.0,2473.95,25-48 Months,$30-$59,53.78152173913043,3,1,0,0,No,0.09666666666666666,No,Low Risk
3071-MVJCD,Male,0,Yes,Yes,72,Yes,Yes,DSL,Yes,Yes,Yes,Yes,Yes,No,Two year,No,Bank transfer (automatic),82.3,5815.15,49+ Months,$60-$89,80.76597222222222,7,1,1,0,No,0.02,No,Low Risk
7279-BUYWN,Female,1,No,No,41,Yes,Yes,Fiber optic,Yes,Yes,Yes,No,Yes,Yes,Month-to-month,Yes,Electronic check,113.2,4689.5,25-48 Months,$90+,114.3780487804878,7,1,0,1,Yes,0.49666666666666665,Yes,Medium Risk
3756-VNWDH,Male,1,Yes,No,65,Yes,Yes,Fiber optic,Yes,No,No,No,Yes,Yes,One year,Yes,Electronic check,100.75,6674.65,49+ Months,$90+,102.68692307692308,5,1,1,1,No,0.23333333333333334,No,Low Risk
1395-OFUWC,Male,0,Yes,Yes,43,No,No phone service,DSL,No,Yes,No,No,No,No,Month-to-month,No,Credit card (automatic),29.3,1224.05,25-48 Months,Below $30,28.46627906976744,1,0,0,0,No,0.43333333333333335,Yes,Medium Risk
4223-BKEOR,Female,0,No,Yes,21,Yes,No,DSL,Yes,No,Yes,No,No,Yes,One year,No,Mailed check,64.85,1336.8,13-24 Months,$60-$89,63.65714285714286,4,1,1,0,No,0.10666666666666667,No,Low Risk
0040-HALCW,Male,0,Yes,Yes,54,Yes,No,No,No internet service,No internet service,No internet service,No internet service,No internet service,No internet service,Two year,No,Credit card (automatic),20.4,1090.6,49+ Months,Below $30,20.196296296296296,1,0,1,0,No,0.02,No,Low Risk
7124-UGSUR,Female,1,Yes,No,61,Yes,Yes,Fiber optic,No,Yes,Yes,No,Yes,Yes,One year,Yes,Credit card (automatic),104.4,6405.0,49+ Months,$90+,105.0,6,0,1,1,Yes,0.24,No,Low Risk
7395-XWZOY,Male,0,No,No,20,No,No phone service,DSL,Yes,Yes,Yes,Yes,Yes,No,Month-to-month,Yes,Credit card (automatic),55.0,1165.55,13-24 Months,$30-$59,58.2775,5,1,0,1,No,0.35333333333333333,No,Low Risk
5440-VHLUL,Male,0,No,No,69,Yes,Yes,Fiber optic,No,Yes,No,Yes,Yes,Yes,One year,Yes,Bank transfer (automatic),105.2,7386.05,49+ Months,$90+,107.04420289855072,6,1,1,1,No,0.7666666666666667,Yes,High Risk
4706-DGAHW,Male,1,No,No,1,Yes,No,DSL,No,No,No,No,No,No,Month-to-month,No,Electronic check,45.2,45.2,0-6 Months,$30-$59,45.2,1,0,0,0,No,0.69,Yes,Medium Risk
8166-ORCHU,Male,1,Yes,No,33,Yes,No,Fiber optic,Yes,Yes,No,Yes,No,Yes,One year,Yes,Electronic check,93.55,3055.5,25-48 Months,$90+,92.5909090909091,5,1,1,1,No,0.26666666666666666,No,Low Risk
3978-YNKDD,Male,0,No,Yes,19,Yes,No,No,No internet service,No internet service,No internet service,No internet service,No internet service,No internet service,Two year,No,Credit card (automatic),20.85,467.5,13-24 Months,Below $30,24.605263157894736,1,0,1,0,No,0.02666666666666667,No,Low Risk
7198-GLXTC,Male,0,No,No,2,Yes,No,Fiber optic,No,No,No,No,Yes,No,Month-to-month,No,Electronic check,79.0,143.65,0-6 Months,$60-$89,71.825,2,0,0,0,Yes,0.81,Yes,High Risk
6366-XIVKZ,Female,0,Yes,Yes,13,Yes,No,DSL,Yes,No,Yes,No,No,Yes,Month-to-month,Yes,Mailed check,63.15,816.8,13-24 Months,$60-$89,62.83076923076923,4,1,0,1,No,0.2833333333333333,No,Low Risk
5133-POWUA,Male,0,No,No,1,Yes,No,DSL,No,No,No,No,No,No,Month-to-month,Yes,Mailed check,45.8,45.8,0-6 Months,$30-$59,45.8,1,0,0,1,No,0.7966666666666666,Yes,High Risk
8400-WZICQ,Female,0,Yes,Yes,55,Yes,No,DSL,Yes,Yes,No,No,No,No,Month-to-month,No,Electronic check,55.7,3131.8,49+ Months,$30-$59,56.941818181818185,3,1,0,0,No,0.16666666666666666,No,Low Risk
5382-SOYZL,Male,0,No,No,22,Yes,Yes,Fiber optic,No,No,No,No,Yes,Yes,Month-to-month,Yes,Electronic check,95.1,2162.6,13-24 Months,$90+,98.3,4,0,0,1,No,0.8133333333333334,Yes,High Risk
1989-PRJHP,Male,1,Yes,No,27,Yes,Yes,Fiber optic,No,No,No,No,No,No,Month-to-month,Yes,Electronic check,75.5,1893.95,25-48 Months,$60-$89,70.1462962962963,2,0,0,1,Yes,0.45666666666666667,Yes,Medium Risk
4154-AQUGT,Male,1,Yes,No,13,Yes,No,Fiber optic,No,Yes,No,Yes,No,Yes,Month-to-month,Yes,Bank transfer (automatic),89.05,1169.35,13-24 Months,$60-$89,89.94999999999999,4,1,0,1,Yes,0.5833333333333334,Yes,Medium Risk
0980-FEXWF,Male,0,Yes,Yes,26,Yes,No,DSL,No,No,Yes,No,No,No,One year,No,Mailed check,50.35,1285.8,25-48 Months,$30-$59,49.45384615384615,2,0,1,0,No,0.09666666666666666,No,Low Risk
5845-BZZIB,Male,0,Yes,Yes,35,Yes,No,No,No internet service,No internet service,No internet service,No internet service,No internet service,No internet service,Two year,No,Mailed check,20.1,655.3,25-48 Months,Below $30,18.72285714285714,1,0,1,0,No,0.0,No,Low Risk
4840-ORQXB,Female,1,No,No,56,Yes,Yes,Fiber optic,No,Yes,Yes,No,Yes,Yes,Month-to-month,No,Electronic check,104.75,5841.35,49+ Months,$90+,104.30982142857144,6,0,0,0,No,0.5566666666666666,Yes,Medium Risk
0295-PPHDO,Male,0,No,No,1,Yes,Yes,Fiber optic,No,No,No,No,Yes,Yes,Month-to-month,Yes,Electronic check,95.45,95.45,0-6 Months,$90+,95.45,4,0,0,1,Yes,0.9733333333333334,Yes,High Risk
8775-ERLNB,Male,1,Yes,No,1,Yes,Yes,Fiber optic,No,No,No,No,No,No,Month-to-month,No,Electronic check,74.3,74.3,0-6 Months,$60-$89,74.3,2,0,0,0,No,0.8533333333333334,Yes,High Risk
0376-YMCJC,Male,0,No,No,23,Yes,Yes,Fiber optic,No,No,No,Yes,Yes,No,Month-to-month,Yes,Electronic check,90.6,1943.2,13-24 Months,$90+,84.48695652173913,4,1,0,1,Yes,0.77,Yes,High Risk
7410-YTJIK,Female,0,No,No,7,Yes,Yes,Fiber optic,No,No,No,No,No,No,Month-to-month,No,Mailed check,75.45,480.75,7-12 Months,$60-$89,68.67857142857143,2,0,0,0,Yes,0.556,Yes,Medium Risk
9927-DSWDF,Male,0,Yes,No,22,Yes,No,Fiber optic,Yes,Yes,No,Yes,Yes,Yes,Month-to-month,Yes,Electronic check,104.6,2180.55,13-24 Months,$90+,99.1159090909091,6,1,0,1,No,0.6666666666666666,Yes,Medium Risk
6681-ZSEXG,Male,0,Yes,No,56,Yes,Yes,DSL,No,Yes,Yes,No,No,No,Two year,No,Credit card (automatic),59.5,3389.25,49+ Months,$30-$59,60.52232142857143,4,0,1,0,No,0.04666666666666667,No,Low Risk
5702-KVQRD,Male,0,Yes,No,71,Yes,No,DSL,Yes,No,Yes,Yes,Yes,Yes,Two year,Yes,Electronic check,82.55,5832.65,49+ Months,$60-$89,82.14999999999999,6,1,1,1,No,0.043333333333333335,No,Low Risk
8711-LOBKY,Male,0,Yes,Yes,59,Yes,No,No,No internet service,No internet service,No internet service,No internet service,No internet service,No internet service,Two year,No,Mailed check,19.85,1188.25,49+ Months,Below $30,20.139830508474574,1,0,1,0,No,0.01,No,Low Risk
9692-TUSXH,Female,0,No,No,18,Yes,No,Fiber optic,Yes,No,No,No,Yes,Yes,Month-to-month,Yes,Electronic check,96.05,1740.7,13-24 Months,$90+,96.70555555555556,4,1,0,1,Yes,0.7133333333333334,Yes,High Risk
4012-YCFAI,Male,0,Yes,No,60,Yes,No,DSL,Yes,Yes,No,Yes,No,No,Two year,Yes,Mailed check,61.35,3766.2,49+ Months,$60-$89,62.77,4,1,1,1,No,0.01,No,Low Risk
8455-HIRAQ,Female,0,No,No,8,Yes,No,DSL,No,No,No,No,No,No,Month-to-month,No,Mailed check,44.45,369.3,7-12 Months,$30-$59,46.1625,1,0,0,0,No,0.36666666666666664,No,Low Risk
7853-WNZSY,Male,0,No,No,1,Yes,No,No,No internet service,No internet service,No internet service,No internet service,No internet service,No internet service,Month-to-month,Yes,Credit card (automatic),19.75,19.75,0-6 Months,Below $30,19.75,1,0,0,1,No,0.4066666666666667,Yes,Medium Risk
0390-DCFDQ,Female,1,Yes,No,1,Yes,No,Fiber optic,No,No,No,No,No,No,Month-to-month,Yes,Mailed check,70.45,70.45,0-6 Months,$60-$89,70.45,1,0,0,1,Yes,0.7433333333333333,Yes,High Risk
6421-SZVEM,Female,0,Yes,Yes,28,Yes,No,Fiber optic,Yes,No,No,No,No,Yes,One year,Yes,Bank transfer (automatic),82.85,2320.8,25-48 Months,$60-$89,82.88571428571429,3,1,1,1,No,0.16,No,Low Risk
3094-JOJAI,Male,0,No,No,18,Yes,Yes,Fiber optic,No,No,No,No,No,No,Month-to-month,No,Mailed check,74.15,1387.0,13-24 Months,$60-$89,77.05555555555556,2,0,0,0,No,0.43666666666666665,Yes,Medium Risk
4873-ILOLJ,Male,0,No,No,24,Yes,No,Fiber optic,No,No,No,No,Yes,Yes,Month-to-month,Yes,Electronic check,90.35,2238.5,13-24 Months,$90+,93.27083333333331,3,0,0,1,Yes,0.6566666666666666,Yes,Medium Risk
8181-YHCMF,Female,0,Yes,Yes,68,No,No phone service,DSL,No,Yes,Yes,Yes,Yes,Yes,Two year,No,Credit card (automatic),60.3,4109.0,49+ Months,$60-$89,60.4264705882353,5,1,1,0,No,0.0033333333333333335,No,Low Risk
3324-OIRTO,Male,0,Yes,Yes,71,Yes,No,Fiber optic,Yes,Yes,Yes,No,Yes,Yes,One year,Yes,Bank transfer (automatic),104.65,7288.4,49+ Months,$90+,102.65352112676057,6,1,1,1,No,0.13666666666666666,No,Low Risk
9135-HSWOC,Male,0,Yes,Yes,64,Yes,No,No,No internet service,No internet service,No internet service,No internet service,No internet service,No internet service,Two year,Yes,Bank transfer (automatic),19.7,1274.05,49+ Months,Below $30,19.90703125,1,0,1,1,No,0.0033333333333333335,No,Low Risk
2272-WUSPA,Female,0,Yes,No,72,Yes,Yes,Fiber optic,Yes,Yes,Yes,No,Yes,Yes,Two year,Yes,Electronic check,110.75,7751.7,49+ Months,$90+,107.6625,7,1,1,1,No,0.07,No,Low Risk
4627-MIHJH,Female,1,No,No,69,Yes,Yes,Fiber optic,Yes,No,Yes,Yes,Yes,Yes,Two year,No,Credit card (automatic),110.25,7467.55,49+ Months,$90+,108.22536231884058,7,1,1,0,No,0.2633333333333333,No,Low Risk
3896-RCYYE,Female,0,No,No,67,No,No phone service,DSL,No,No,Yes,Yes,Yes,Yes,Month-to-month,Yes,Credit card (automatic),53.4,3579.15,49+ Months,$30-$59,53.42014925373135,4,1,0,1,No,0.14333333333333334,No,Low Risk
6729-GDNGC,Female,1,No,No,20,Yes,No,Fiber optic,No,No,No,No,Yes,No,Month-to-month,No,Bank transfer (automatic),80.7,1614.2,13-24 Months,$60-$89,80.71000000000001,2,0,0,0,No,0.3333333333333333,No,Low Risk
9945-PSVIP,Female,0,Yes,Yes,25,Yes,No,No,No internet service,No internet service,No internet service,No internet service,No internet service,No internet service,Two year,Yes,Mailed check,18.7,383.65,25-48 Months,Below $30,15.345999999999998,1,0,1,1,No,0.04,No,Low Risk
4137-JOPHL,Female,0,No,No,50,Yes,No,Fiber optic,No,No,Yes,Yes,No,Yes,Two year,Yes,Bank transfer (automatic),89.7,4304.5,49+ Months,$60-$89,86.09,4,1,1,1,No,0.09,No,Low Risk
2720-FVBQP,Female,0,Yes,Yes,6,Yes,Yes,DSL,No,No,No,No,No,No,Month-to-month,Yes,Credit card (automatic),48.95,273.25,0-6 Months,$30-$59,45.54166666666666,2,0,0,1,No,0.5133333333333333,Yes,Medium Risk
7854-EKTJL,Female,0,No,Yes,2,Yes,No,No,No internet service,No internet service,No internet service,No internet service,No internet service,No internet service,Month-to-month,Yes,Electronic check,19.6,35.85,0-6 Months,Below $30,17.925,1,0,0,1,Yes,0.2866666666666667,No,Low Risk
1133-KXCGE,Female,0,No,No,18,Yes,No,No,No internet service,No internet service,No internet service,No internet service,No internet service,No internet service,One year,No,Mailed check,20.1,407.05,13-24 Months,Below $30,22.61388888888889,1,0,1,0,No,0.03333333333333333,No,Low Risk
6048-QBXKL,Female,1,No,No,2,Yes,Yes,DSL,No,Yes,No,No,No,No,Month-to-month,Yes,Credit card (automatic),56.55,118.25,0-6 Months,$30-$59,59.125,3,0,0,1,No,0.6466666666666666,Yes,Medium Risk
6338-AVWCY,Male,0,No,No,3,No,No phone service,DSL,No,No,Yes,No,Yes,No,Month-to-month,Yes,Mailed check,40.15,130.75,0-6 Months,$30-$59,43.583333333333336,2,0,0,1,Yes,0.8,Yes,High Risk
0013-MHZWF,Female,0,No,Yes,9,Yes,No,DSL,No,No,No,Yes,Yes,Yes,Month-to-month,Yes,Credit card (automatic),69.4,571.45,7-12 Months,$60-$89,63.49444444444445,4,1,0,1,No,0.6433333333333333,Yes,Medium Risk
9804-ICWBG,Male,0,No,No,1,Yes,No,Fiber optic,No,No,No,No,No,No,Month-to-month,Yes,Electronic check,69.9,69.9,0-6 Months,$60-$89,69.9,1,0,0,1,Yes,1.0,Yes,High Risk
2368-GAKKQ,Female,0,No,No,70,Yes,Yes,Fiber optic,Yes,Yes,Yes,Yes,Yes,Yes,Two year,Yes,Bank transfer (automatic),113.65,7939.25,49+ Months,$90+,113.41785714285714,8,1,1,1,No,0.08333333333333333,No,Low Risk
4829-AUOAX,Female,0,No,No,46,Yes,Yes,Fiber optic,No,No,No,No,Yes,Yes,Month-to-month,No,Bank transfer (automatic),96.05,4399.5,25-48 Months,$90+,95.6413043478261,4,0,0,0,Yes,0.4166666666666667,Yes,Medium Risk
7876-BEUTG,Female,0,No,No,15,Yes,Yes,DSL,No,No,No,No,No,No,Month-to-month,Yes,Mailed check,48.8,720.1,13-24 Months,$30-$59,48.00666666666667,2,0,0,1,No,0.37333333333333335,No,Low Risk
6349-JDHQP,Female,0,No,No,53,Yes,No,No,No internet service,No internet service,No internet service,No internet service,No internet service,No internet service,Two year,No,Credit card (automatic),19.85,1049.6,49+ Months,Below $30,19.80377358490566,1,0,1,0,No,0.02,No,Low Risk
3063-QFSZL,Female,0,No,No,1,Yes,No,DSL,No,No,No,No,No,Yes,Month-to-month,Yes,Electronic check,55.4,55.4,0-6 Months,$30-$59,55.4,2,0,0,1,Yes,0.5066666666666667,Yes,Medium Risk
9142-XMYJH,Female,0,No,No,29,Yes,No,No,No internet service,No internet service,No internet service,No internet service,No internet service,No internet service,Month-to-month,No,Credit card (automatic),19.35,601.6,25-48 Months,Below $30,20.7448275862069,1,0,0,0,No,0.09666666666666666,No,Low Risk
2609-IAICY,Female,0,No,No,1,Yes,Yes,Fiber optic,No,No,No,No,No,No,Month-to-month,Yes,Electronic check,77.15,77.15,0-6 Months,$60-$89,77.15,2,0,0,1,Yes,0.9733333333333334,Yes,High Risk
8626-PTQGE,Male,0,No,No,69,No,No phone service,DSL,Yes,Yes,No,Yes,Yes,Yes,Two year,Yes,Bank transfer (automatic),60.05,4176.7,49+ Months,$60-$89,60.53188405797101,5,1,1,1,No,0.023333333333333334,No,Low Risk
0230-UBYPQ,Male,1,Yes,No,63,No,No phone service,DSL,Yes,No,No,Yes,No,No,One year,No,Bank transfer (automatic),36.1,2298.9,49+ Months,$30-$59,36.490476190476194,2,1,1,0,No,0.04666666666666667,No,Low Risk
6814-ZPWFQ,Male,1,No,No,51,Yes,Yes,No,No internet service,No internet service,No internet service,No internet service,No internet service,No internet service,One year,No,Bank transfer (automatic),25.0,1260.7,49+ Months,Below $30,24.71960784313725,2,0,1,0,No,0.18,No,Low Risk
5921-NGYRH,Male,0,Yes,No,64,Yes,No,Fiber optic,Yes,No,No,No,No,No,Month-to-month,Yes,Mailed check,73.55,4764.0,49+ Months,$60-$89,74.4375,2,1,0,1,No,0.30333333333333334,No,Low Risk
7803-XOCCZ,Female,0,Yes,Yes,52,Yes,No,Fiber optic,Yes,No,Yes,Yes,No,No,Month-to-month,Yes,Bank transfer (automatic),84.05,4326.8,49+ Months,$60-$89,83.20769230769231,4,1,0,1,No,0.14,No,Low Risk
1459-QNFQT,Male,0,Yes,Yes,70,No,No phone service,DSL,Yes,No,Yes,Yes,Yes,Yes,Two year,No,Bank transfer (automatic),59.5,4144.8,49+ Months,$30-$59,59.21142857142858,5,1,1,0,No,0.01,No,Low Risk
3948-FVVRP,Male,0,Yes,Yes,9,Yes,No,DSL,No,Yes,No,Yes,No,No,Month-to-month,No,Mailed check,54.8,452.8,7-12 Months,$30-$59,50.31111111111111,3,1,0,0,No,0.23666666666666666,No,Low Risk
0923-PNFUB,Female,0,No,No,3,Yes,No,Fiber optic,No,Yes,No,No,Yes,No,Month-to-month,No,Electronic check,83.75,247.25,0-6 Months,$60-$89,82.41666666666667,3,0,0,0,Yes,0.68,Yes,Medium Risk
4654-ULTTN,Male,0,Yes,No,70,Yes,Yes,DSL,Yes,No,Yes,Yes,No,Yes,Two year,Yes,Credit card (automatic),74.8,5315.8,49+ Months,$60-$89,75.94,6,1,1,1,No,0.06666666666666667,No,Low Risk
5628-FCGYG,Male,0,No,No,21,Yes,Yes,Fiber optic,No,No,No,No,No,Yes,Month-to-month,Yes,Electronic check,84.1,1737.45,13-24 Months,$60-$89,82.7357142857143,3,0,0,1,No,0.8133333333333334,Yes,High Risk
0506-LVNGN,Female,1,No,No,5,Yes,No,Fiber optic,No,No,Yes,No,No,No,Month-to-month,Yes,Credit card (automatic),75.55,349.65,0-6 Months,$60-$89,69.92999999999999,2,0,0,1,Yes,0.67,Yes,Medium Risk
4329-YPDDQ,Male,0,No,No,20,Yes,No,Fiber optic,Yes,Yes,Yes,Yes,Yes,Yes,Month-to-month,Yes,Bank transfer (automatic),108.2,2203.7,13-24 Months,$90+,110.185,7,1,0,1,No,0.5,Yes,Medium Risk
9866-OCCKE,Female,1,Yes,No,72,Yes,Yes,Fiber optic,Yes,No,Yes,Yes,Yes,Yes,Two year,Yes,Mailed check,109.75,8075.35,49+ Months,$90+,112.1576388888889,7,1,1,1,No,0.07666666666666666,No,Low Risk
0794-YVSGE,Male,0,Yes,Yes,72,Yes,No,No,No internet service,No internet service,No internet service,No internet service,No internet service,No internet service,Two year,No,Bank transfer (automatic),20.3,1401.15,49+ Months,Below $30,19.460416666666667,1,0,1,0,No,0.01,No,Low Risk
4342-HENTK,Female,1,No,No,2,Yes,No,Fiber optic,No,No,No,No,No,No,Month-to-month,Yes,Electronic check,70.65,142.35,0-6 Months,$60-$89,71.175,1,0,0,1,Yes,0.9033333333333333,Yes,High Risk
5934-TSSAU,Female,0,Yes,Yes,23,Yes,No,Fiber optic,No,No,Yes,No,No,No,Month-to-month,Yes,Credit card (automatic),75.3,1702.9,13-24 Months,$60-$89,74.0391304347826,2,0,0,1,No,0.55,Yes,Medium Risk
9986-BONCE,Female,0,No,No,4,Yes,No,No,No internet service,No internet service,No internet service,No internet service,No internet service,No internet service,Month-to-month,No,Bank transfer (automatic),20.95,85.5,0-6 Months,Below $30,21.375,1,0,0,0,Yes,0.20555555555555555,No,Low Risk
5301-GAUUY,Male,0,No,No,32,Yes,Yes,Fiber optic,No,Yes,No,No,No,No,Month-to-month,Yes,Bank transfer (automatic),80.35,2596.15,25-48 Months,$60-$89,81.1296875,3,0,0,1,Yes,0.49666666666666665,Yes,Medium Risk
0725-CXOTM,Female,0,No,No,36,Yes,Yes,DSL,Yes,No,Yes,Yes,Yes,Yes,One year,Yes,Credit card (automatic),89.65,3348.1,25-48 Months,$60-$89,93.00277777777778,7,1,1,1,No,0.08666666666666667,No,Low Risk
2843-CQMEG,Male,0,No,No,24,Yes,No,DSL,No,Yes,No,No,No,No,Month-to-month,Yes,Mailed check,49.7,1218.25,13-24 Months,$30-$59,50.76041666666666,2,0,0,1,No,0.18333333333333332,No,Low Risk
5600-PDUJF,Male,0,No,No,6,Yes,No,DSL,No,No,No,Yes,No,No,Month-to-month,Yes,Credit card (automatic),49.5,312.7,0-6 Months,$30-$59,52.11666666666667,2,1,0,1,No,0.39666666666666667,No,Low Risk
4500-HKANN,Male,0,Yes,Yes,23,Yes,Yes,DSL,No,Yes,No,Yes,No,No,Two year,No,Mailed check,59.7,1414.2,13-24 Months,$30-$59,61.48695652173913,4,1,1,0,No,0.08666666666666667,No,Low Risk
1862-QRWPE,Female,0,Yes,Yes,48,Yes,No,No,No internet service,No internet service,No internet service,No internet service,No internet service,No internet service,Two year,No,Bank transfer (automatic),20.65,1057.0,25-48 Months,Below $30,22.02083333333333,1,0,1,0,No,0.0033333333333333335,No,Low Risk
2155-AMQRX,Female,0,No,No,28,Yes,Yes,DSL,No,No,No,Yes,No,No,Month-to-month,Yes,Credit card (automatic),54.9,1505.15,25-48 Months,$30-$59,53.75535714285714,3,1,0,1,No,0.20666666666666667,No,Low Risk
0823-HSCDJ,Male,1,No,No,52,No,No phone service,DSL,No,Yes,No,No,Yes,Yes,Month-to-month,Yes,Electronic check,49.15,2550.9,49+ Months,$30-$59,49.05576923076923,3,0,0,1,Yes,0.5966666666666667,Yes,Medium Risk
4090-KPJIP,Female,0,No,No,3,Yes,Yes,Fiber optic,No,No,No,No,No,No,Month-to-month,Yes,Electronic check,74.95,212.4,0-6 Months,$60-$89,70.8,2,0,0,1,No,0.96,Yes,High Risk
2737-YNGYW,Female,0,No,No,2,Yes,No,Fiber optic,No,No,No,No,No,Yes,Month-to-month,No,Electronic check,80.55,184.1,0-6 Months,$60-$89,92.05,2,0,0,0,Yes,0.9166666666666666,Yes,High Risk
5619-XZZKR,Male,0,No,No,4,Yes,No,No,No internet service,No internet service,No internet service,No internet service,No internet service,No internet service,One year,No,Mailed check,19.95,68.2,0-6 Months,Below $30,17.05,1,0,1,0,No,0.013333333333333334,No,Low Risk
6047-YHPVI,Male,0,No,No,5,Yes,No,Fiber optic,No,No,No,No,No,No,Month-to-month,Yes,Electronic check,69.7,316.9,0-6 Months,$60-$89,63.38,1,0,0,1,Yes,0.91,Yes,High Risk
8375-DKEBR,Female,1,No,No,1,Yes,No,Fiber optic,No,No,No,No,No,No,Month-to-month,Yes,Electronic check,69.6,69.6,0-6 Months,$60-$89,69.6,1,0,0,1,Yes,1.0,Yes,High Risk
7729-XBTWX,Male,0,Yes,Yes,66,Yes,No,No,No internet service,No internet service,No internet service,No internet service,No internet service,No internet service,Two year,Yes,Mailed check,19.75,1344.5,49+ Months,Below $30,20.37121212121212,1,0,1,1,No,0.01,No,Low Risk
4983-CLMLV,Female,0,Yes,No,52,Yes,Yes,Fiber optic,No,Yes,No,Yes,Yes,Yes,Month-to-month,Yes,Credit card (automatic),102.7,5138.1,49+ Months,$90+,98.8096153846154,6,1,0,1,No,0.39666666666666667,No,Low Risk
9227-LUNBG,Female,0,No,No,1,No,No phone service,DSL,No,No,No,No,No,No,Month-to-month,No,Electronic check,24.6,24.6,0-6 Months,Below $30,24.6,0,0,0,0,Yes,0.38333333333333336,No,Low Risk
2758-RNWXS,Male,0,No,No,35,Yes,No,Fiber optic,Yes,No,No,Yes,No,Yes,One year,Yes,Electronic check,89.2,3251.3,25-48 Months,$60-$89,92.89428571428572,4,1,1,1,No,0.20333333333333334,No,Low Risk
7055-HNEOJ,Male,0,Yes,No,3,Yes,No,DSL,No,No,Yes,Yes,No,No,Month-to-month,Yes,Mailed check,55.8,154.55,0-6 Months,$30-$59,51.51666666666667,3,1,0,1,No,0.36,No,Low Risk
7134-MJPDY,Female,1,No,No,66,Yes,Yes,Fiber optic,No,No,Yes,Yes,Yes,Yes,One year,Yes,Credit card (automatic),102.85,6976.75,49+ Months,$90+,105.70833333333331,6,1,1,1,No,0.5666666666666667,Yes,Medium Risk
4560-WQAQW,Female,0,No,No,59,Yes,Yes,DSL,Yes,No,No,Yes,No,Yes,One year,No,Bank transfer (automatic),68.7,4070.95,49+ Months,$60-$89,68.99915254237288,5,1,1,0,No,0.056666666666666664,No,Low Risk
8532-UEFWH,Male,0,Yes,Yes,52,Yes,Yes,No,No internet service,No internet service,No internet service,No internet service,No internet service,No internet service,Two year,No,Mailed check,25.75,1345.85,49+ Months,Below $30,25.881730769230767,2,0,1,0,No,0.016666666666666666,No,Low Risk
8541-QVFKM,Female,0,No,No,8,Yes,Yes,Fiber optic,No,No,No,No,No,No,Month-to-month,Yes,Electronic check,73.5,632.2,7-12 Months,$60-$89,79.025,2,0,0,1,No,0.7533333333333333,Yes,High Risk
7129-ACFOG,Female,0,No,No,5,Yes,Yes,DSL,Yes,No,No,No,No,No,Month-to-month,Yes,Electronic check,53.8,283.95,0-6 Months,$30-$59,56.79,3,1,0,1,No,0.36666666666666664,No,Low Risk
2495-INZWQ,Male,0,No,No,4,No,No phone service,DSL,No,No,No,No,Yes,Yes,Month-to-month,Yes,Electronic check,44.55,174.3,0-6 Months,$30-$59,43.575,2,0,0,1,Yes,0.7966666666666666,Yes,High Risk
0263-FJTQO,Male,0,Yes,Yes,50,Yes,Yes,DSL,Yes,No,No,Yes,Yes,No,Two year,Yes,Credit card (automatic),70.5,3486.65,49+ Months,$60-$89,69.733,5,1,1,1,No,0.05333333333333334,No,Low Risk
0181-RITDD,Male,0,Yes,Yes,62,Yes,No,Fiber optic,Yes,Yes,Yes,Yes,Yes,Yes,Two year,No,Mailed check,108.15,6825.65,49+ Months,$90+,110.09112903225804,7,1,1,0,No,0.27,No,Low Risk
8241-JUIQO,Female,0,No,No,61,Yes,No,No,No internet service,No internet service,No internet service,No internet service,No internet service,No internet service,One year,No,Bank transfer (automatic),19.45,1336.35,49+ Months,Below $30,21.90737704918033,1,0,1,0,No,0.06666666666666667,No,Low Risk
0913-XWSCN,Male,0,Yes,Yes,55,Yes,Yes,Fiber optic,No,No,No,No,No,Yes,Month-to-month,No,Bank transfer (automatic),85.5,4713.4,49+ Months,$60-$89,85.69818181818181,3,0,0,0,No,0.3566666666666667,No,Low Risk
2159-TURXX,Male,0,No,No,5,Yes,No,No,No internet service,No internet service,No internet service,No internet service,No internet service,No internet service,Month-to-month,No,Credit card (automatic),20.05,95.55,0-6 Months,Below $30,19.11,1,0,0,0,No,0.11,No,Low Risk
6461-PPAXN,Female,0,Yes,Yes,35,Yes,No,DSL,Yes,No,No,Yes,No,No,One year,Yes,Bank transfer (automatic),54.95,1916.0,25-48 Months,$30-$59,54.74285714285714,3,1,1,1,No,0.03,No,Low Risk
1452-KIOVK,Male,0,No,Yes,22,Yes,Yes,Fiber optic,No,Yes,No,No,Yes,No,Month-to-month,Yes,Credit card (automatic),89.1,1949.4,13-24 Months,$60-$89,88.60909090909091,4,0,0,1,No,0.6766666666666666,Yes,Medium Risk
1139-WUOAH,Male,0,No,No,57,No,No phone service,DSL,No,No,Yes,Yes,Yes,Yes,Two year,No,Credit card (automatic),53.35,3090.05,49+ Months,$30-$59,54.21140350877193,4,1,1,0,No,0.07666666666666666,No,Low Risk
3207-OYBWH,Male,1,Yes,No,57,Yes,Yes,Fiber optic,No,Yes,Yes,No,No,Yes,Month-to-month,Yes,Bank transfer (automatic),95.25,5427.05,49+ Months,$90+,95.21140350877194,5,0,0,1,Yes,0.30333333333333334,No,Low Risk
8347-GDTMP,Female,0,Yes,No,64,Yes,No,No,No internet service,No internet service,No internet service,No internet service,No internet service,No internet service,Two year,No,Credit card (automatic),19.45,1225.65,49+ Months,Below $30,19.15078125,1,0,1,0,No,0.006666666666666667,No,Low Risk
9909-DFRJA,Female,0,No,No,26,Yes,No,Fiber optic,Yes,No,Yes,Yes,No,Yes,One year,Yes,Bank transfer (automatic),95.85,2475.35,25-48 Months,$90+,95.20576923076922,5,1,1,1,No,0.30333333333333334,No,Low Risk
6383-ZTSIW,Female,1,Yes,No,39,Yes,No,Fiber optic,Yes,Yes,No,No,Yes,Yes,One year,No,Mailed check,99.1,3877.95,25-48 Months,$90+,99.43461538461538,5,1,1,0,No,0.21333333333333335,No,Low Risk
5438-QMDDL,Female,0,Yes,No,19,Yes,No,DSL,No,Yes,No,No,No,Yes,Month-to-month,Yes,Mailed check,59.8,1130.85,13-24 Months,$30-$59,59.51842105263157,3,0,0,1,No,0.26666666666666666,No,Low Risk
8914-RBTSB,Male,0,Yes,No,31,Yes,Yes,Fiber optic,No,Yes,Yes,No,Yes,No,Month-to-month,No,Electronic check,93.8,3019.5,25-48 Months,$90+,97.40322580645162,5,0,0,0,Yes,0.43333333333333335,Yes,Medium Risk
6164-HXUGH,Female,0,Yes,Yes,6,Yes,No,No,No internet service,No internet service,No internet service,No internet service,No internet service,No internet service,Month-to-month,No,Mailed check,19.85,119.3,0-6 Months,Below $30,19.883333333333333,1,0,0,0,No,0.25333333333333335,No,Low Risk
6900-RBKER,Male,0,No,No,52,Yes,Yes,Fiber optic,No,No,Yes,No,No,Yes,Two year,Yes,Credit card (automatic),89.45,4577.75,49+ Months,$60-$89,88.03365384615384,4,0,1,1,No,0.13,No,Low Risk
1492-QGCLU,Male,0,Yes,Yes,53,Yes,Yes,DSL,Yes,No,Yes,Yes,Yes,Yes,Month-to-month,No,Electronic check,85.7,4616.1,49+ Months,$60-$89,87.09622641509435,7,1,0,0,No,0.22,No,Low Risk
6664-FPDAC,Female,1,No,No,56,Yes,Yes,Fiber optic,No,Yes,Yes,Yes,Yes,Yes,One year,Yes,Electronic check,111.95,6418.9,49+ Months,$90+,114.62321428571428,7,1,1,1,Yes,0.33,No,Low Risk
1088-AUUZZ,Male,0,Yes,Yes,56,Yes,Yes,DSL,Yes,Yes,No,Yes,No,Yes,Two year,Yes,Credit card (automatic),75.85,4261.2,49+ Months,$60-$89,76.09285714285714,6,1,1,1,No,0.02,No,Low Risk
6651-AZVTJ,Male,0,Yes,Yes,49,Yes,Yes,Fiber optic,No,No,Yes,No,Yes,Yes,Month-to-month,Yes,Electronic check,99.8,4872.45,49+ Months,$90+,99.4377551020408,5,0,0,1,Yes,0.7866666666666666,Yes,High Risk
8219-VYBVI,Male,0,No,Yes,39,Yes,Yes,No,No internet service,No internet service,No internet service,No internet service,No internet service,No internet service,Two year,No,Mailed check,25.0,1004.35,25-48 Months,Below $30,25.752564102564104,2,0,1,0,No,0.02,No,Low Risk
0310-MVLET,Female,0,Yes,Yes,61,Yes,Yes,Fiber optic,No,Yes,No,No,Yes,Yes,Month-to-month,Yes,Electronic check,99.15,6010.05,49+ Months,$90+,98.52540983606558,5,0,0,1,Yes,0.38666666666666666,No,Low Risk
7233-IOQNP,Female,0,Yes,No,43,No,No phone service,DSL,Yes,No,No,Yes,No,No,Month-to-month,No,Bank transfer (automatic),34.0,1505.35,25-48 Months,$30-$59,35.00813953488372,2,1,0,0,No,0.34,No,Low Risk
7311-MQJCH,Female,0,No,No,5,Yes,No,No,No internet service,No internet service,No internet service,No internet service,No internet service,No internet service,One year,No,Electronic check,19.55,99.6,0-6 Months,Below $30,19.92,1,0,1,0,No,0.03666666666666667,No,Low Risk
9256-JTBNZ,Female,0,No,No,11,Yes,No,No,No internet service,No internet service,No internet service,No internet service,No internet service,No internet service,Month-to-month,No,Bank transfer (automatic),20.3,246.3,7-12 Months,Below $30,22.39090909090909,1,0,0,0,No,0.36666666666666664,No,Low Risk
8713-IGZSO,Male,0,No,No,2,Yes,Yes,No,No internet service,No internet service,No internet service,No internet service,No internet service,No internet service,Month-to-month,No,Mailed check,24.85,62.0,0-6 Months,Below $30,31.0,2,0,0,0,No,0.14333333333333334,No,Low Risk
6821-BUXUX,Female,0,No,No,13,Yes,Yes,Fiber optic,Yes,Yes,No,No,Yes,No,Month-to-month,Yes,Electronic check,96.65,1244.5,13-24 Months,$90+,95.73076923076924,5,1,0,1,Yes,0.8733333333333333,Yes,High Risk
9114-DPSIA,Male,0,Yes,Yes,72,Yes,Yes,DSL,Yes,Yes,Yes,Yes,No,Yes,Two year,No,Credit card (automatic),81.0,5750.0,49+ Months,$60-$89,79.86111111111111,7,1,1,0,No,0.016666666666666666,No,Low Risk
4501-UYKBC,Female,1,No,No,46,Yes,Yes,DSL,No,No,Yes,Yes,No,Yes,One year,Yes,Credit card (automatic),69.1,3255.35,25-48 Months,$60-$89,70.76847826086956,5,1,1,1,No,0.12333333333333334,No,Low Risk
2798-NYLMZ,Male,0,Yes,No,71,Yes,Yes,Fiber optic,Yes,No,Yes,Yes,Yes,Yes,Two year,Yes,Credit card (automatic),108.55,7616.0,49+ Months,$90+,107.26760563380282,7,1,1,1,No,0.4633333333333333,Yes,Medium Risk
6711-VTNRE,Female,0,No,No,36,Yes,No,Fiber optic,No,No,Yes,Yes,No,Yes,Month-to-month,Yes,Electronic check,87.55,3078.1,25-48 Months,$60-$89,85.50277777777778,4,1,0,1,Yes,0.45,Yes,Medium Risk
5966-EMAZU,Male,0,Yes,No,64,Yes,Yes,Fiber optic,Yes,No,Yes,Yes,Yes,Yes,One year,Yes,Mailed check,108.5,6880.85,49+ Months,$90+,107.51328125,7,1,1,1,No,0.27666666666666667,No,Low Risk
3627-FHKBK,Female,0,No,No,1,Yes,No,Fiber optic,Yes,No,No,No,No,No,Month-to-month,No,Mailed check,75.3,75.3,0-6 Months,$60-$89,75.3,2,1,0,0,Yes,0.4201587301587301,Yes,Medium Risk
7861-UVUFT,Female,0,Yes,No,15,Yes,No,Fiber optic,No,No,Yes,No,Yes,No,Month-to-month,Yes,Electronic check,84.3,1308.4,13-24 Months,$60-$89,87.22666666666667,3,0,0,1,Yes,0.7133333333333334,Yes,High Risk
9824-QCJPK,Male,0,Yes,No,36,Yes,No,No,No internet service,No internet service,No internet service,No internet service,No internet service,No internet service,One year,No,Mailed check,20.0,666.75,25-48 Months,Below $30,18.52083333333333,1,0,1,0,No,0.0033333333333333335,No,Low Risk
7816-VGHTO,Female,0,Yes,Yes,6,No,No phone service,DSL,No,Yes,Yes,Yes,No,No,Two year,No,Mailed check,40.55,217.5,0-6 Months,$30-$59,36.25,3,1,1,0,No,0.12,No,Low Risk
3794-NFNCH,Male,0,Yes,No,30,Yes,No,DSL,No,No,Yes,No,No,No,Month-to-month,Yes,Mailed check,50.0,1474.9,25-48 Months,$30-$59,49.16333333333333,2,0,0,1,No,0.11,No,Low Risk
3877-JRJIP,Male,0,No,No,1,Yes,Yes,DSL,No,No,No,No,Yes,No,Month-to-month,Yes,Electronic check,59.85,59.85,0-6 Months,$30-$59,59.85,3,0,0,1,Yes,0.5266666666666666,Yes,Medium Risk
5228-EXCET,Male,0,No,No,13,Yes,No,Fiber optic,No,No,No,No,No,Yes,Month-to-month,Yes,Electronic check,80.85,1008.7,13-24 Months,$60-$89,77.5923076923077,2,0,0,1,Yes,0.45,Yes,Medium Risk
6248-BSHKG,Male,0,Yes,Yes,61,Yes,No,No,No internet service,No internet service,No internet service,No internet service,No internet service,No internet service,One year,No,Mailed check,20.4,1226.45,49+ Months,Below $30,20.105737704918035,1,0,1,0,No,0.0,No,Low Risk
8915-NNTRC,Male,0,Yes,Yes,72,Yes,Yes,Fiber optic,Yes,Yes,No,Yes,Yes,Yes,Two year,Yes,Credit card (automatic),107.7,7919.8,49+ Months,$90+,109.99722222222222,7,1,1,1,No,0.03,No,Low Risk
3470-OBUET,Female,0,Yes,Yes,67,Yes,Yes,DSL,Yes,Yes,No,Yes,Yes,No,Two year,No,Credit card (automatic),74.0,4868.4,49+ Months,$60-$89,72.66268656716417,6,1,1,0,No,0.043333333333333335,No,Low Risk
3229-USWAR,Female,0,No,No,34,Yes,No,DSL,Yes,No,Yes,Yes,Yes,Yes,One year,Yes,Bank transfer (automatic),79.95,2727.3,25-48 Months,$60-$89,80.21470588235294,6,1,1,1,No,0.06333333333333334,No,Low Risk
1927-QEWMY,Female,0,Yes,No,72,Yes,No,No,No internet service,No internet service,No internet service,No internet service,No internet service,No internet service,Two year,No,Credit card (automatic),20.5,1502.25,49+ Months,Below $30,20.86458333333333,1,0,1,0,No,0.0,No,Low Risk
6374-AFWOX,Male,0,Yes,No,46,Yes,No,DSL,Yes,Yes,Yes,Yes,No,No,Two year,No,Mailed check,65.65,3047.15,25-48 Months,$60-$89,66.24239130434783,5,1,1,0,No,0.02,No,Low Risk
7912-SYRQT,Female,0,No,No,7,Yes,Yes,Fiber optic,No,No,No,No,No,No,Month-to-month,Yes,Bank transfer (automatic),75.1,552.95,7-12 Months,$60-$89,78.99285714285715,2,0,0,1,Yes,0.5766666666666667,Yes,Medium Risk
2070-FNEXE,Female,1,No,No,7,Yes,No,Fiber optic,Yes,No,No,No,No,No,Month-to-month,No,Bank transfer (automatic),76.45,503.6,7-12 Months,$60-$89,71.94285714285715,2,1,0,0,Yes,0.37266666666666665,No,Low Risk
5803-NQJZO,Male,0,Yes,No,72,Yes,Yes,DSL,Yes,Yes,Yes,Yes,No,No,Two year,Yes,Bank transfer (automatic),67.8,4804.65,49+ Months,$60-$89,66.73124999999999,6,1,1,1,No,0.01,No,Low Risk
5651-YLPRD,Female,0,Yes,Yes,32,Yes,No,Fiber optic,No,Yes,No,No,Yes,No,Month-to-month,Yes,Electronic check,86.1,2723.75,25-48 Months,$60-$89,85.1171875,3,0,0,1,No,0.5933333333333334,Yes,Medium Risk
1271-UODNO,Male,0,No,No,39,Yes,Yes,DSL,No,No,No,Yes,No,No,Two year,Yes,Credit card (automatic),53.85,2200.7,25-48 Months,$30-$59,56.42820512820512,3,1,1,1,No,0.17333333333333334,No,Low Risk
5014-WUQMG,Male,0,Yes,Yes,47,Yes,No,Fiber optic,Yes,Yes,Yes,No,No,Yes,One year,Yes,Electronic check,96.1,4391.45,25-48 Months,$90+,93.43510638297872,5,1,1,1,No,0.19,No,Low Risk
5889-JTMUL,Female,1,Yes,No,50,Yes,Yes,Fiber optic,No,Yes,Yes,No,Yes,No,Month-to-month,Yes,Electronic check,95.05,4888.7,49+ Months,$90+,97.774,5,0,0,1,Yes,0.5333333333333333,Yes,Medium Risk
0788-DXBFY,Male,0,Yes,Yes,58,Yes,No,No,No internet service,No internet service,No internet service,No internet service,No internet service,No internet service,One year,Yes,Electronic check,19.55,1108.8,49+ Months,Below $30,19.117241379310343,1,0,1,1,No,0.023333333333333334,No,Low Risk
2669-QVCRG,Female,0,No,No,41,Yes,Yes,Fiber optic,Yes,No,No,No,No,No,Month-to-month,Yes,Credit card (automatic),81.3,3190.65,25-48 Months,$60-$89,77.82073170731708,3,1,0,1,No,0.56,Yes,Medium Risk
6630-UJZMY,Female,1,Yes,No,4,Yes,Yes,Fiber optic,No,No,No,No,Yes,No,Month-to-month,Yes,Electronic check,83.25,308.05,0-6 Months,$60-$89,77.0125,3,0,0,1,No,0.8766666666666667,Yes,High Risk
5061-PBXFW,Female,0,Yes,Yes,32,Yes,No,DSL,Yes,Yes,No,Yes,No,No,Month-to-month,No,Bank transfer (automatic),61.4,1864.65,25-48 Months,$60-$89,58.2703125,4,1,0,0,No,0.19,No,Low Risk
2700-LUEVA,Male,0,No,No,1,Yes,No,No,No internet service,No internet service,No internet service,No internet service,No internet service,No internet service,Month-to-month,No,Credit card (automatic),20.75,20.75,0-6 Months,Below $30,20.75,1,0,0,0,No,0.21166666666666667,No,Low Risk
3865-ZFZIB,Male,0,No,No,19,Yes,No,No,No internet service,No internet service,No internet service,No internet service,No internet service,No internet service,Two year,No,Mailed check,19.65,358.15,13-24 Months,Below $30,18.85,1,0,1,0,No,0.01,No,Low Risk
0471-ARVMX,Female,1,Yes,No,62,Yes,Yes,Fiber optic,Yes,No,Yes,No,Yes,Yes,One year,Yes,Electronic check,104.85,6312.9,49+ Months,$90+,101.82096774193548,6,1,1,1,No,0.30333333333333334,No,Low Risk
8985-OOPOS,Female,0,No,No,1,Yes,No,DSL,No,No,Yes,Yes,Yes,Yes,One year,No,Credit card (automatic),74.1,74.1,0-6 Months,$60-$89,74.1,5,1,1,0,No,0.28,No,Low Risk
0719-SYFRB,Female,0,No,No,12,Yes,Yes,DSL,Yes,No,Yes,Yes,No,No,Month-to-month,Yes,Mailed check,61.65,713.75,7-12 Months,$60-$89,59.47916666666666,5,1,0,1,Yes,0.29,No,Low Risk
0447-BEMNG,Female,0,Yes,No,48,No,No phone service,DSL,Yes,No,Yes,No,No,Yes,Month-to-month,Yes,Bank transfer (automatic),45.3,2145.0,25-48 Months,$30-$59,44.6875,3,1,0,1,Yes,0.23333333333333334,No,Low Risk
5630-AHZIL,Female,0,No,Yes,3,Yes,No,DSL,Yes,No,No,Yes,No,Yes,Month-to-month,Yes,Bank transfer (automatic),64.5,177.4,0-6 Months,$60-$89,59.13333333333333,4,1,0,1,No,0.30666666666666664,No,Low Risk
2190-BCXEC,Female,0,Yes,No,40,Yes,Yes,Fiber optic,No,No,No,Yes,No,No,Month-to-month,Yes,Credit card (automatic),78.85,3126.85,25-48 Months,$60-$89,78.17125,3,1,0,1,No,0.5433333333333333,Yes,Medium Risk
1559-DTODC,Male,0,No,No,19,No,No phone service,DSL,No,No,No,No,No,No,Month-to-month,Yes,Bank transfer (automatic),25.15,468.35,13-24 Months,Below $30,24.65,0,0,0,1,No,0.28,No,Low Risk
3244-DCJWY,Female,0,No,No,1,Yes,No,Fiber optic,No,No,No,No,No,No,Month-to-month,Yes,Electronic check,70.25,70.25,0-6 Months,$60-$89,70.25,1,0,0,1,Yes,0.4033333333333333,Yes,Medium Risk
3967-VQOGC,Female,0,Yes,Yes,67,Yes,Yes,No,No internet service,No internet service,No internet service,No internet service,No internet service,No internet service,Two year,Yes,Mailed check,24.9,1680.25,49+ Months,Below $30,25.078358208955223,2,0,1,1,No,0.0033333333333333335,No,Low Risk
0265-PSUAE,Female,0,Yes,Yes,16,Yes,No,Fiber optic,Yes,No,Yes,No,Yes,Yes,Month-to-month,No,Bank transfer (automatic),100.7,1522.7,13-24 Months,$90+,95.16875,5,1,0,0,No,0.6033333333333334,Yes,Medium Risk
1622-HSHSF,Female,0,No,No,1,Yes,No,No,No internet service,No internet service,No internet service,No internet service,No internet service,No internet service,Month-to-month,Yes,Mailed check,19.55,19.55,0-6 Months,Below $30,19.55,1,0,0,1,No,0.4116666666666667,Yes,Medium Risk
9867-XOBQA,Female,0,No,Yes,21,No,No phone service,DSL,Yes,Yes,Yes,Yes,Yes,No,Two year,No,Mailed check,53.15,1183.2,13-24 Months,$30-$59,56.34285714285714,5,1,1,0,No,0.03333333333333333,No,Low Risk
6773-LQTVT,Female,1,Yes,Yes,29,No,No phone service,DSL,No,Yes,Yes,No,No,No,Month-to-month,Yes,Mailed check,35.65,1025.15,25-48 Months,$30-$59,35.35,2,0,0,1,No,0.3566666666666667,No,Low Risk
4332-MUOEZ,Male,1,Yes,Yes,20,Yes,No,Fiber optic,Yes,No,Yes,Yes,No,Yes,One year,No,Credit card (automatic),94.3,1818.3,13-24 Months,$90+,90.915,5,1,1,0,No,0.27666666666666667,No,Low Risk
0023-XUOPT,Female,0,Yes,No,13,Yes,Yes,Fiber optic,No,Yes,Yes,No,Yes,No,Month-to-month,No,Electronic check,94.1,1215.6,13-24 Months,$90+,93.5076923076923,5,0,0,0,Yes,0.6366666666666667,Yes,Medium Risk
6543-CPZMK,Male,0,Yes,Yes,9,No,No phone service,DSL,No,Yes,No,No,No,No,Month-to-month,Yes,Electronic check,29.95,248.95,7-12 Months,Below $30,27.66111111111111,1,0,0,1,Yes,0.47,Yes,Medium Risk
6418-HNFED,Male,0,Yes,No,51,Yes,No,DSL,Yes,Yes,Yes,Yes,Yes,Yes,Two year,Yes,Credit card (automatic),83.25,4089.45,49+ Months,$60-$89,80.18529411764706,7,1,1,1,No,0.013333333333333334,No,Low Risk
1036-GUDCL,Male,0,Yes,Yes,60,Yes,No,DSL,Yes,Yes,No,Yes,Yes,Yes,Month-to-month,Yes,Credit card (automatic),79.05,4663.4,49+ Months,$60-$89,77.72333333333333,6,1,0,1,No,0.11,No,Low Risk
4818-QIUFN,Female,1,No,No,20,Yes,Yes,Fiber optic,Yes,No,No,No,No,No,Month-to-month,Yes,Electronic check,79.15,1520.9,13-24 Months,$60-$89,76.045,3,1,0,1,Yes,0.6466666666666666,Yes,Medium Risk
0778-NELLA,Male,0,No,No,9,No,No phone service,DSL,No,No,No,No,Yes,No,Month-to-month,Yes,Credit card (automatic),34.7,296.1,7-12 Months,$30-$59,32.900000000000006,1,0,0,1,Yes,0.4666666666666667,Yes,Medium Risk
7495-OOKFY,Female,1,Yes,No,8,Yes,Yes,Fiber optic,No,Yes,No,No,No,No,Month-to-month,Yes,Credit card (automatic),80.65,633.3,7-12 Months,$60-$89,79.1625,3,0,0,1,Yes,0.81,Yes,High Risk
4737-HOBAX,Male,0,Yes,No,63,Yes,Yes,DSL,No,No,Yes,Yes,Yes,Yes,Two year,No,Credit card (automatic),79.8,5034.05,49+ Months,$60-$89,79.90555555555555,6,1,1,0,No,0.023333333333333334,No,Low Risk
7919-ZODZZ,Female,0,Yes,Yes,10,Yes,No,DSL,No,Yes,Yes,No,No,Yes,One year,Yes,Mailed check,65.9,660.05,7-12 Months,$60-$89,66.005,4,0,1,1,No,0.29333333333333333,No,Low Risk
2988-PLAHS,Female,0,No,No,3,Yes,No,DSL,No,No,Yes,No,Yes,Yes,One year,Yes,Electronic check,69.95,220.45,0-6 Months,$60-$89,73.48333333333333,4,0,1,1,No,0.6366666666666667,Yes,Medium Risk
9067-SQTNS,Male,0,Yes,Yes,44,Yes,No,No,No internet service,No internet service,No internet service,No internet service,No internet service,No internet service,One year,No,Bank transfer (automatic),20.6,926.0,25-48 Months,Below $30,21.045454545454547,1,0,1,0,No,0.0,No,Low Risk
6483-OATDN,Male,0,Yes,Yes,8,Yes,No,DSL,Yes,No,No,No,No,No,Month-to-month,Yes,Credit card (automatic),51.3,411.6,7-12 Months,$30-$59,51.45,2,1,0,1,No,0.27,No,Low Risk
5469-CTCWN,Male,0,Yes,Yes,61,Yes,Yes,Fiber optic,Yes,Yes,No,No,Yes,Yes,One year,Yes,Electronic check,106.0,6547.7,49+ Months,$90+,107.33934426229509,6,1,1,1,Yes,0.13,No,Low Risk
3524-WQDSG,Female,0,Yes,Yes,43,Yes,Yes,Fiber optic,No,No,Yes,No,Yes,Yes,Month-to-month,Yes,Bank transfer (automatic),99.3,4209.95,25-48 Months,$90+,97.90581395348836,5,0,0,1,No,0.66,Yes,Medium Risk
6968-URWQU,Male,0,Yes,No,43,Yes,No,DSL,No,No,No,No,Yes,No,One year,Yes,Mailed check,56.35,2391.15,25-48 Months,$30-$59,55.608139534883726,2,0,1,1,No,0.21333333333333335,No,Low Risk
8601-QACRS,Female,0,No,No,5,Yes,Yes,DSL,No,No,No,No,No,No,Month-to-month,Yes,Mailed check,50.6,249.95,0-6 Months,$30-$59,49.99,2,0,0,1,Yes,0.7066666666666667,Yes,High Risk
8690-UPCZI,Male,0,Yes,Yes,29,Yes,Yes,DSL,Yes,No,No,Yes,Yes,No,One year,No,Bank transfer (automatic),69.05,1958.45,25-48 Months,$60-$89,67.53275862068966,5,1,1,0,No,0.03,No,Low Risk
5331-RGMTT,Male,1,Yes,No,54,Yes,Yes,Fiber optic,No,No,Yes,No,Yes,Yes,Month-to-month,Yes,Credit card (automatic),99.05,5295.7,49+ Months,$90+,98.06851851851852,5,0,0,1,No,0.7466666666666667,Yes,High Risk
1357-BIJKI,Male,0,Yes,No,50,Yes,Yes,Fiber optic,No,Yes,No,No,Yes,Yes,One year,Yes,Electronic check,98.25,4858.7,49+ Months,$90+,97.174,5,0,1,1,No,0.52,Yes,Medium Risk
2088-IEBAU,Female,0,No,No,68,Yes,Yes,DSL,Yes,Yes,Yes,Yes,Yes,Yes,Two year,Yes,Electronic check,88.15,6148.45,49+ Months,$60-$89,90.41838235294118,8,1,1,1,No,0.02,No,Low Risk
0679-IDSTG,Female,1,Yes,Yes,1,Yes,No,Fiber optic,No,No,No,No,No,No,Month-to-month,Yes,Electronic check,69.25,69.25,0-6 Months,$60-$89,69.25,1,0,0,1,Yes,0.97,Yes,High Risk
6519-ZHPXP,Female,0,Yes,Yes,72,Yes,No,Fiber optic,Yes,Yes,Yes,Yes,Yes,Yes,Two year,Yes,Bank transfer (automatic),108.3,7679.65,49+ Months,$90+,106.66180555555556,7,1,1,1,No,0.11333333333333333,No,Low Risk
2101-RANCD,Female,0,No,No,55,Yes,Yes,Fiber optic,No,No,No,No,No,No,Month-to-month,Yes,Electronic check,73.1,4144.9,49+ Months,$60-$89,75.36181818181818,2,0,0,1,No,0.5633333333333334,Yes,Medium Risk
4029-HPFVY,Male,0,No,No,3,Yes,No,Fiber optic,No,No,No,No,No,No,Month-to-month,Yes,Mailed check,70.3,220.4,0-6 Months,$60-$89,73.46666666666667,1,0,0,1,No,0.5466666666666666,Yes,Medium Risk
1015-OWJKI,Male,0,No,No,1,Yes,No,No,No internet service,No internet service,No internet service,No internet service,No internet service,No internet service,Month-to-month,No,Mailed check,19.05,19.05,0-6 Months,Below $30,19.05,1,0,0,0,No,0.0525,No,Low Risk
8314-HTWVE,Female,0,Yes,Yes,7,Yes,No,No,No internet service,No internet service,No internet service,No internet service,No internet service,No internet service,Two year,No,Mailed check,19.85,144.15,7-12 Months,Below $30,20.592857142857145,1,0,1,0,No,0.013333333333333334,No,Low Risk
5357-TZHPP,Male,1,No,No,9,Yes,Yes,Fiber optic,No,No,No,No,No,Yes,Month-to-month,Yes,Credit card (automatic),84.4,732.5,7-12 Months,$60-$89,81.38888888888889,3,0,0,1,Yes,0.7566666666666667,Yes,High Risk
8727-XDPUD,Male,0,No,No,37,No,No phone service,DSL,No,No,No,No,Yes,No,Two year,No,Credit card (automatic),35.8,1316.9,25-48 Months,$30-$59,35.5918918918919,1,0,1,0,No,0.24666666666666667,No,Low Risk
9073-ZZIAY,Male,0,Yes,Yes,62,Yes,No,DSL,Yes,Yes,Yes,Yes,Yes,Yes,Two year,No,Electronic check,86.1,5215.25,49+ Months,$60-$89,84.11693548387096,7,1,1,0,No,0.02,No,Low Risk
5181-OABFK,Female,0,Yes,Yes,56,Yes,No,DSL,Yes,Yes,Yes,No,No,No,Two year,Yes,Credit card (automatic),61.3,3346.8,49+ Months,$60-$89,59.76428571428572,4,1,1,1,No,0.023333333333333334,No,Low Risk
3812-LRZIR,Female,0,Yes,Yes,27,Yes,Yes,No,No internet service,No internet service,No internet service,No internet service,No internet service,No internet service,Two year,No,Electronic check,24.5,761.95,25-48 Months,Below $30,28.22037037037037,2,0,1,0,No,0.15666666666666668,No,Low Risk
5204-HMGYF,Female,0,Yes,Yes,49,Yes,No,DSL,Yes,Yes,Yes,Yes,Yes,Yes,One year,Yes,Mailed check,87.2,4345.0,49+ Months,$60-$89,88.6734693877551,7,1,1,1,No,0.09,No,Low Risk
9950-MTGYX,Male,0,Yes,Yes,28,Yes,No,No,No internet service,No internet service,No internet service,No internet service,No internet service,No internet service,Two year,Yes,Credit card (automatic),20.3,487.95,25-48 Months,Below $30,17.426785714285714,1,0,1,1,No,0.0,No,Low Risk
3675-EQOZA,Male,0,No,No,5,Yes,No,No,No internet service,No internet service,No internet service,No internet service,No internet service,No internet service,Month-to-month,No,Bank transfer (automatic),20.65,93.55,0-6 Months,Below $30,18.71,1,0,0,0,No,0.1,No,Low Risk
3646-ITDGM,Female,0,No,No,56,Yes,No,No,No internet service,No internet service,No internet service,No internet service,No internet service,No internet service,Two year,No,Bank transfer (automatic),19.7,1051.9,49+ Months,Below $30,18.78392857142857,1,0,1,0,No,0.08333333333333333,No,Low Risk
3913-FCUUW,Female,0,Yes,Yes,72,Yes,Yes,DSL,Yes,Yes,Yes,Yes,No,No,Two year,Yes,Bank transfer (automatic),70.45,5165.7,49+ Months,$60-$89,71.74583333333334,6,1,1,1,No,0.02,No,Low Risk
